2024-10-18T14:50:45, 1, 344, 26.94, 70.97, 0.000500, 0.003330
2024-10-18T14:51:01, 1, 211, 27.17, 70.82, 0.000490, 0.003267
2024-10-18T14:51:26, 1, 250, 27.53, 70.27, 0.000491, 0.003273
2024-10-18T14:51:36, 1, 227, 27.52, 69.94, 0.000491, 0.003272
2024-10-18T14:51:46, 1, 258, 27.48, 69.92, 0.000491, 0.003273
2024-10-18T14:51:56, 1, 235, 27.48, 69.88, 0.000491, 0.003274
2024-10-18T14:54:16, 1, 293, 27.65, 69.23, 0.000490, 0.003270
2024-10-18T14:54:26, 1, 225, 27.64, 69.12, 0.000490, 0.003269
2024-10-18T14:54:36, 1, 314, 27.62, 69.15, 0.000490, 0.003267
2024-10-18T14:54:46, 1, 335, 27.64, 69.05, 0.000491, 0.003271
2024-10-18T14:54:56, 1, 285, 27.64, 69.08, 0.000490, 0.003268
2024-10-18T14:55:06, 1, 245, 27.65, 69.01, 0.000490, 0.003268
2024-10-18T14:55:16, 1, 316, 27.63, 69.08, 0.000490, 0.003268
2024-10-18T14:55:26, 1, 270, 27.65, 69.19, 0.000490, 0.003267
2024-10-18T14:55:36, 1, 296, 27.66, 69.12, 0.000490, 0.003267
2024-10-18T14:55:46, 1, 287, 27.66, 69.07, 0.000490, 0.003266
2024-10-18T14:55:56, 1, 315, 27.68, 69.08, 0.000490, 0.003267
2024-10-18T14:56:06, 1, 358, 27.65, 69.14, 0.000490, 0.003267
2024-10-18T14:56:16, 1, 313, 27.65, 69.11, 0.000490, 0.003265
2024-10-18T14:56:26, 1, 278, 27.65, 69.20, 0.000490, 0.003266
2024-10-18T14:56:36, 1, 278, 27.66, 69.19, 0.000489, 0.003263
2024-10-18T14:56:46, 1, 338, 27.65, 69.25, 0.000490, 0.003265
2024-10-18T14:56:56, 1, 320, 27.68, 69.12, 0.000490, 0.003266
2024-10-18T14:57:06, 1, 280, 27.65, 69.17, 0.000490, 0.003265
2024-10-18T14:57:17, 1, 324, 27.67, 69.18, 0.000490, 0.003266
2024-10-18T14:57:27, 1, 300, 27.68, 69.17, 0.000490, 0.003264
2024-10-18T14:57:37, 1, 332, 27.66, 69.12, 0.000490, 0.003264
2024-10-18T14:57:47, 1, 281, 27.69, 69.15, 0.000490, 0.003265
2024-10-18T14:57:57, 1, 303, 27.69, 69.45, 0.000490, 0.003266
2024-10-18T14:58:07, 1, 328, 27.68, 69.50, 0.000490, 0.003264
2024-10-18T14:58:17, 1, 308, 27.69, 69.49, 0.000490, 0.003264
2024-10-18T14:58:27, 1, 267, 27.69, 69.40, 0.000490, 0.003264
2024-10-18T14:58:37, 1, 254, 27.70, 69.42, 0.000489, 0.003263
2024-10-18T14:58:47, 1, 289, 27.68, 69.41, 0.000490, 0.003264
2024-10-18T14:58:57, 1, 311, 27.72, 69.41, 0.000489, 0.003262
2024-10-18T14:59:07, 1, 296, 27.70, 69.36, 0.000490, 0.003264
2024-10-18T14:59:17, 1, 318, 27.72, 69.50, 0.000489, 0.003263
2024-10-18T14:59:27, 1, 298, 27.71, 69.63, 0.000490, 0.003263
2024-10-18T14:59:37, 1, 261, 27.71, 69.68, 0.000490, 0.003264
2024-10-18T14:59:47, 1, 303, 27.72, 69.65, 0.000490, 0.003263
2024-10-18T14:59:57, 1, 361, 27.72, 69.66, 0.000489, 0.003263
2024-10-18T15:00:07, 1, 372, 27.72, 69.65, 0.000489, 0.003262
2024-10-18T15:00:17, 1, 392, 27.75, 69.65, 0.000489, 0.003262
2024-10-18T15:00:27, 1, 374, 27.72, 69.57, 0.000490, 0.003265
2024-10-18T15:00:37, 1, 280, 27.71, 69.66, 0.000489, 0.003262
2024-10-18T15:00:47, 1, 337, 27.75, 69.82, 0.000489, 0.003262
2024-10-18T15:00:57, 1, 291, 27.74, 69.82, 0.000489, 0.003261
2024-10-18T15:01:07, 1, 329, 27.72, 69.77, 0.000489, 0.003259
2024-10-18T15:01:17, 1, 318, 27.74, 69.68, 0.000489, 0.003258
2024-10-18T15:01:27, 1, 332, 27.73, 69.74, 0.000488, 0.003255
2024-10-18T15:01:37, 1, 319, 27.71, 69.84, 0.000488, 0.003253
2024-10-18T15:01:47, 1, 311, 27.72, 69.96, 0.000488, 0.003252
2024-10-18T15:01:57, 1, 359, 27.72, 70.00, 0.000488, 0.003254
2024-10-18T15:02:07, 1, 314, 27.72, 70.08, 0.000489, 0.003257
2024-10-18T15:02:17, 1, 361, 27.71, 70.01, 0.000488, 0.003256
2024-10-18T15:02:27, 1, 360, 27.71, 70.09, 0.000488, 0.003255
2024-10-18T15:02:37, 1, 401, 27.70, 70.14, 0.000489, 0.003257
2024-10-18T15:02:47, 1, 356, 27.72, 70.00, 0.000488, 0.003256
2024-10-18T15:02:57, 1, 374, 27.72, 69.95, 0.000489, 0.003258
2024-10-18T15:03:08, 1, 321, 27.73, 69.94, 0.000489, 0.003258
2024-10-18T15:03:18, 1, 326, 27.71, 69.98, 0.000489, 0.003258
2024-10-18T15:03:28, 1, 377, 27.74, 70.19, 0.000489, 0.003258
2024-10-18T15:03:38, 1, 384, 27.72, 70.30, 0.000489, 0.003258
2024-10-18T15:03:48, 1, 347, 27.70, 70.34, 0.000489, 0.003259
2024-10-18T15:03:58, 1, 329, 27.72, 70.33, 0.000489, 0.003258
2024-10-18T15:04:08, 1, 382, 27.73, 70.33, 0.000489, 0.003260
2024-10-18T15:04:18, 1, 365, 27.72, 70.35, 0.000489, 0.003259
2024-10-18T15:04:28, 1, 344, 27.72, 70.36, 0.000489, 0.003259
2024-10-18T15:04:38, 1, 401, 27.74, 70.30, 0.000489, 0.003261
2024-10-18T15:04:48, 1, 360, 27.75, 70.27, 0.000489, 0.003259
2024-10-18T15:04:58, 1, 328, 27.74, 70.33, 0.000489, 0.003259
2024-10-18T15:05:08, 1, 306, 27.75, 70.39, 0.000489, 0.003260
2024-10-18T15:05:18, 1, 337, 27.72, 70.63, 0.000489, 0.003260
2024-10-18T15:05:28, 1, 354, 27.71, 70.72, 0.000489, 0.003258
2024-10-18T15:05:38, 1, 322, 27.75, 70.79, 0.000489, 0.003257
2024-10-18T15:05:48, 1, 348, 27.73, 70.84, 0.000489, 0.003258
2024-10-18T15:05:58, 1, 335, 27.71, 70.86, 0.000489, 0.003259
2024-10-18T15:06:08, 1, 360, 27.73, 70.89, 0.000489, 0.003258
2024-10-18T15:06:18, 1, 386, 27.74, 70.91, 0.000489, 0.003257
2024-10-18T15:06:28, 1, 299, 27.76, 70.91, 0.000488, 0.003257
2024-10-18T15:06:38, 1, 339, 27.74, 70.90, 0.000488, 0.003257
2024-10-18T15:06:48, 1, 280, 27.77, 70.86, 0.000489, 0.003257
2024-10-18T15:06:58, 1, 311, 27.74, 70.79, 0.000488, 0.003255
2024-10-18T15:07:08, 1, 281, 27.74, 70.81, 0.000488, 0.003256
2024-10-18T15:07:18, 1, 306, 27.74, 70.95, 0.000488, 0.003255
2024-10-18T15:07:28, 1, 326, 27.75, 71.01, 0.000488, 0.003254
2024-10-18T15:07:38, 1, 382, 27.75, 70.99, 0.000488, 0.003254
2024-10-18T15:07:48, 1, 334, 27.76, 71.37, 0.000488, 0.003254
2024-10-18T15:07:58, 1, 326, 27.71, 71.66, 0.000488, 0.003252
2024-10-18T15:08:08, 1, 353, 27.73, 71.98, 0.000488, 0.003254
2024-10-18T15:08:19, 1, 299, 27.73, 72.17, 0.000488, 0.003251
2024-10-18T15:08:29, 1, 301, 27.73, 72.33, 0.000487, 0.003250
2024-10-18T15:08:39, 1, 298, 27.71, 72.39, 0.000487, 0.003248
2024-10-18T15:08:49, 1, 326, 27.72, 72.39, 0.000487, 0.003249
2024-10-18T15:08:59, 1, 304, 27.74, 72.30, 0.000488, 0.003251
2024-10-18T15:09:09, 1, 345, 27.73, 72.43, 0.000488, 0.003251
2024-10-18T15:09:19, 1, 262, 27.75, 72.36, 0.000487, 0.003250
2024-10-18T15:09:29, 1, 282, 27.74, 72.48, 0.000488, 0.003252
2024-10-18T15:09:39, 1, 367, 27.73, 72.57, 0.000488, 0.003252
2024-10-18T15:09:49, 1, 280, 27.74, 72.60, 0.000488, 0.003253
2024-10-18T15:09:59, 1, 321, 27.76, 72.60, 0.000488, 0.003251
2024-10-18T15:10:09, 1, 323, 27.75, 72.67, 0.000488, 0.003252
2024-10-18T15:10:19, 1, 356, 27.72, 72.77, 0.000488, 0.003254
2024-10-18T15:10:29, 1, 312, 27.73, 72.73, 0.000488, 0.003252
2024-10-18T15:10:39, 1, 316, 27.75, 72.48, 0.000488, 0.003253
2024-10-18T15:10:49, 1, 306, 27.75, 72.51, 0.000488, 0.003254
2024-10-18T15:10:59, 1, 307, 27.76, 72.70, 0.000488, 0.003255
2024-10-18T15:11:09, 1, 241, 27.75, 72.61, 0.000488, 0.003255
2024-10-18T15:11:19, 1, 314, 27.76, 72.59, 0.000488, 0.003255
2024-10-18T15:11:29, 1, 260, 27.77, 72.51, 0.000488, 0.003256
2024-10-18T15:11:39, 1, 257, 27.73, 72.66, 0.000489, 0.003258
2024-10-18T15:11:49, 1, 291, 27.74, 72.46, 0.000488, 0.003256
2024-10-18T15:11:59, 1, 319, 27.76, 72.44, 0.000489, 0.003257
2024-10-18T15:12:09, 1, 254, 27.76, 72.43, 0.000488, 0.003257
2024-10-18T15:12:19, 1, 348, 27.73, 72.48, 0.000488, 0.003256
2024-10-18T15:12:29, 1, 316, 27.73, 72.71, 0.000489, 0.003257
2024-10-18T15:12:39, 1, 269, 27.75, 72.88, 0.000488, 0.003254
2024-10-18T15:12:49, 1, 267, 27.74, 72.90, 0.000488, 0.003256
2024-10-18T15:12:59, 1, 271, 27.73, 72.83, 0.000488, 0.003254
2024-10-18T15:13:09, 1, 344, 27.75, 72.90, 0.000488, 0.003253
2024-10-18T15:13:19, 1, 352, 27.72, 72.90, 0.000488, 0.003255
2024-10-18T15:13:29, 1, 275, 27.74, 72.84, 0.000488, 0.003256
2024-10-18T15:13:39, 1, 288, 27.72, 72.83, 0.000488, 0.003255
2024-10-18T15:13:50, 1, 320, 27.72, 72.79, 0.000488, 0.003251
2024-10-18T15:14:00, 1, 325, 27.72, 72.86, 0.000488, 0.003252
2024-10-18T15:14:10, 1, 385, 27.72, 72.81, 0.000488, 0.003251
2024-10-18T15:14:20, 1, 307, 27.71, 73.04, 0.000488, 0.003253
2024-10-18T15:14:30, 1, 290, 27.70, 73.06, 0.000488, 0.003252
2024-10-18T15:14:40, 1, 244, 27.72, 72.98, 0.000488, 0.003252
2024-10-18T15:14:50, 1, 284, 27.71, 73.03, 0.000488, 0.003254
2024-10-18T15:15:00, 1, 309, 27.71, 72.96, 0.000488, 0.003252
2024-10-18T15:15:10, 1, 333, 27.72, 72.91, 0.000488, 0.003254
2024-10-18T15:15:20, 1, 303, 27.72, 72.87, 0.000488, 0.003255
2024-10-18T15:15:30, 1, 328, 27.70, 72.86, 0.000488, 0.003254
2024-10-18T15:15:40, 1, 289, 27.73, 72.87, 0.000488, 0.003253
2024-10-18T15:15:50, 1, 281, 27.71, 72.84, 0.000488, 0.003252
2024-10-18T15:16:01, 1, 243, 27.73, 72.84, 0.000488, 0.003253
2024-10-18T15:16:11, 1, 338, 27.71, 72.86, 0.000488, 0.003252
2024-10-18T15:16:21, 1, 295, 27.74, 72.86, 0.000488, 0.003253
2024-10-18T15:16:31, 1, 304, 27.71, 72.88, 0.000488, 0.003254
2024-10-18T15:16:41, 1, 241, 27.71, 73.15, 0.000488, 0.003252
2024-10-18T15:16:51, 1, 274, 27.68, 73.25, 0.000488, 0.003252
2024-10-18T15:17:01, 1, 230, 27.68, 73.36, 0.000488, 0.003254
2024-10-18T15:17:11, 1, 242, 27.68, 73.33, 0.000487, 0.003249
2024-10-18T15:17:21, 1, 298, 27.66, 73.34, 0.000487, 0.003249
2024-10-18T15:17:31, 1, 318, 27.70, 73.29, 0.000487, 0.003250
2024-10-18T15:17:41, 1, 294, 27.69, 73.29, 0.000487, 0.003250
2024-10-18T15:17:51, 1, 332, 27.68, 73.27, 0.000488, 0.003251
2024-10-18T15:18:01, 1, 287, 27.67, 73.39, 0.000488, 0.003250
2024-10-18T15:18:11, 1, 281, 27.68, 73.47, 0.000488, 0.003251
2024-10-18T15:18:21, 1, 316, 27.64, 73.77, 0.000487, 0.003249
2024-10-18T15:18:31, 1, 284, 27.64, 73.79, 0.000488, 0.003251
2024-10-18T15:18:41, 1, 290, 27.63, 73.74, 0.000487, 0.003250
2024-10-18T15:18:51, 1, 285, 27.65, 73.65, 0.000488, 0.003251
2024-10-18T15:19:01, 1, 233, 27.64, 73.64, 0.000488, 0.003251
2024-10-18T15:19:11, 1, 278, 27.64, 73.82, 0.000488, 0.003252
2024-10-18T15:19:21, 1, 262, 27.65, 73.84, 0.000487, 0.003247
2024-10-18T15:19:31, 1, 228, 27.63, 73.92, 0.000487, 0.003247
2024-10-18T15:19:41, 1, 305, 27.62, 73.98, 0.000487, 0.003245
2024-10-18T15:19:51, 1, 295, 27.61, 73.95, 0.000486, 0.003243
2024-10-18T15:20:01, 1, 286, 27.64, 73.95, 0.000486, 0.003243
2024-10-18T15:20:11, 1, 218, 27.63, 74.13, 0.000486, 0.003243
2024-10-18T15:20:21, 1, 263, 27.60, 74.47, 0.000487, 0.003244
2024-10-18T15:20:31, 1, 274, 27.59, 74.53, 0.000487, 0.003244
2024-10-18T15:20:41, 1, 264, 27.58, 74.47, 0.000487, 0.003246
2024-10-18T15:20:51, 5000, 336, 27.60, 74.48, 0.000487, 0.003247
2024-10-18T15:21:01, 5000, 270, 27.61, 74.35, 0.000487, 0.003249
2024-10-18T15:21:11, 5000, 278, 27.60, 74.26, 0.000487, 0.003250
2024-10-18T15:21:21, 5000, 281, 27.60, 74.29, 0.000487, 0.003248
2024-10-18T15:21:31, 5000, 332, 27.59, 74.50, 0.000487, 0.003250
2024-10-18T15:21:41, 5000, 262, 27.57, 74.46, 0.000487, 0.003249
2024-10-18T15:21:52, 5000, 152, 27.57, 74.43, 0.000487, 0.003249
2024-10-18T15:22:02, 5000, 325, 27.58, 74.42, 0.000487, 0.003248
2024-10-18T15:22:12, 5000, 297, 27.59, 74.48, 0.000487, 0.003247
2024-10-18T15:22:22, 5000, 314, 27.57, 74.57, 0.000487, 0.003248
2024-10-18T15:22:32, 5000, 201, 27.58, 74.56, 0.000488, 0.003251
2024-10-18T15:22:42, 5000, 320, 27.60, 74.61, 0.000488, 0.003251
2024-10-18T15:22:52, 5000, 270, 27.59, 74.53, 0.000487, 0.003249
2024-10-18T15:23:02, 5000, 292, 27.58, 74.53, 0.000487, 0.003250
2024-10-18T15:23:12, 5000, 275, 27.60, 74.49, 0.000488, 0.003252
2024-10-18T15:23:22, 5000, 238, 27.60, 74.39, 0.000487, 0.003249
2024-10-18T15:23:32, 5000, 259, 27.61, 74.41, 0.000487, 0.003249
2024-10-18T15:23:42, 5000, 294, 27.59, 74.45, 0.000487, 0.003248
2024-10-18T15:23:52, 5000, 317, 27.60, 74.47, 0.000487, 0.003249
2024-10-18T15:24:02, 5000, 298, 27.62, 74.42, 0.000488, 0.003250
2024-10-18T15:24:12, 5000, 292, 27.62, 74.51, 0.000487, 0.003249
2024-10-18T15:24:22, 5000, 298, 27.60, 74.60, 0.000488, 0.003251
2024-10-18T15:24:32, 5000, 278, 27.58, 74.68, 0.000488, 0.003250
2024-10-18T15:24:42, 5000, 364, 27.61, 74.56, 0.000488, 0.003252
2024-10-18T15:24:52, 5000, 218, 27.61, 74.57, 0.000488, 0.003250
2024-10-18T15:25:02, 5000, 320, 27.61, 74.60, 0.000487, 0.003249
2024-10-18T15:25:12, 5000, 335, 27.58, 74.65, 0.000487, 0.003248
2024-10-18T15:25:22, 5000, 252, 27.58, 74.74, 0.000487, 0.003249
2024-10-18T15:25:32, 5000, 268, 27.60, 74.92, 0.000487, 0.003248
2024-10-18T15:25:43, 5000, 273, 27.56, 74.83, 0.000487, 0.003248
2024-10-18T15:25:53, 5000, 327, 27.57, 74.96, 0.000487, 0.003248
2024-10-18T15:26:03, 5000, 269, 27.56, 75.04, 0.000488, 0.003250
2024-10-18T15:26:13, 5000, 322, 27.57, 74.92, 0.000488, 0.003250
2024-10-18T15:26:23, 5000, 320, 27.59, 75.00, 0.000488, 0.003252
2024-10-18T15:26:33, 5000, 292, 27.58, 75.02, 0.000488, 0.003250
2024-10-18T15:26:43, 5000, 293, 27.53, 74.97, 0.000488, 0.003251
2024-10-18T15:26:53, 5000, 323, 27.56, 75.07, 0.000488, 0.003251
2024-10-18T15:27:03, 5000, 268, 27.56, 75.03, 0.000488, 0.003253
2024-10-18T15:27:13, 5000, 311, 27.59, 74.93, 0.000488, 0.003252
2024-10-18T15:27:23, 5000, 328, 27.53, 75.02, 0.000488, 0.003252
2024-10-18T15:27:33, 5000, 332, 27.55, 75.02, 0.000488, 0.003252
2024-10-18T15:27:43, 5000, 273, 27.55, 75.16, 0.000488, 0.003253
2024-10-18T15:27:53, 5000, 245, 27.54, 75.51, 0.000488, 0.003252
2024-10-18T15:28:03, 5000, 257, 27.55, 75.63, 0.000488, 0.003254
2024-10-18T15:28:13, 5000, 250, 27.54, 75.58, 0.000488, 0.003254
2024-10-18T15:28:23, 5000, 311, 27.54, 75.45, 0.000488, 0.003252
2024-10-18T15:28:33, 5000, 301, 27.54, 75.47, 0.000488, 0.003251
2024-10-18T15:28:43, 5000, 310, 27.54, 75.54, 0.000488, 0.003251
2024-10-18T15:28:53, 5000, 329, 27.54, 75.53, 0.000488, 0.003251
2024-10-18T15:29:03, 5000, 304, 27.53, 75.44, 0.000488, 0.003251
2024-10-18T15:29:13, 5000, 337, 27.53, 75.56, 0.000488, 0.003252
2024-10-18T15:29:23, 5000, 286, 27.54, 75.67, 0.000488, 0.003251
2024-10-18T15:29:33, 5000, 211, 27.53, 75.74, 0.000488, 0.003251
2024-10-18T15:29:43, 5000, 240, 27.54, 75.78, 0.000488, 0.003252
2024-10-18T15:29:53, 5000, 344, 27.53, 75.87, 0.000488, 0.003251
2024-10-18T15:30:03, 5000, 356, 27.53, 75.87, 0.000488, 0.003252
2024-10-18T15:30:13, 5000, 258, 27.53, 75.99, 0.000488, 0.003253
2024-10-18T15:30:23, 5000, 292, 27.52, 76.15, 0.000488, 0.003251
2024-10-18T15:30:34, 5000, 270, 27.53, 76.09, 0.000488, 0.003250
2024-10-18T15:30:44, 5000, 285, 27.53, 76.03, 0.000488, 0.003251
2024-10-18T15:30:54, 5000, 308, 27.50, 75.96, 0.000488, 0.003252
2024-10-18T15:31:04, 5000, 264, 27.53, 75.97, 0.000487, 0.003249
2024-10-18T15:31:14, 5000, 331, 27.53, 75.83, 0.000487, 0.003246
2024-10-18T15:31:24, 5000, 253, 27.53, 75.72, 0.000487, 0.003247
2024-10-18T15:31:34, 5000, 347, 27.54, 75.66, 0.000487, 0.003246
2024-10-18T15:31:44, 5000, 309, 27.52, 75.79, 0.000487, 0.003249
2024-10-18T15:31:54, 5000, 338, 27.50, 75.73, 0.000487, 0.003248
2024-10-18T15:32:04, 5000, 306, 27.52, 75.71, 0.000487, 0.003250
2024-10-18T15:32:14, 5000, 272, 27.54, 75.69, 0.000488, 0.003251
2024-10-18T15:32:24, 5000, 300, 27.52, 75.66, 0.000487, 0.003249
2024-10-18T15:32:34, 5000, 244, 27.53, 75.63, 0.000488, 0.003250
2024-10-18T15:32:44, 5000, 362, 27.50, 75.63, 0.000487, 0.003249
2024-10-18T15:32:54, 5000, 260, 27.49, 75.74, 0.000488, 0.003252
2024-10-18T15:33:04, 5000, 264, 27.51, 75.87, 0.000488, 0.003251
2024-10-18T15:33:14, 5000, 355, 27.51, 75.90, 0.000488, 0.003251
2024-10-18T15:33:24, 5000, 315, 27.50, 75.87, 0.000488, 0.003251
2024-10-18T15:33:34, 5000, 320, 27.49, 75.92, 0.000488, 0.003250
2024-10-18T15:33:44, 5000, 312, 27.50, 75.97, 0.000487, 0.003250
2024-10-18T15:33:54, 5000, 348, 27.50, 76.13, 0.000488, 0.003251
2024-10-18T15:34:04, 5000, 275, 27.48, 76.12, 0.000488, 0.003251
2024-10-18T15:34:14, 5000, 339, 27.50, 76.07, 0.000487, 0.003249
2024-10-18T15:34:24, 5000, 278, 27.48, 76.01, 0.000487, 0.003249
2024-10-18T15:34:34, 5000, 351, 27.48, 75.94, 0.000487, 0.003248
2024-10-18T15:34:44, 5000, 343, 27.50, 75.90, 0.000487, 0.003249
2024-10-18T15:34:54, 5000, 324, 27.49, 76.06, 0.000487, 0.003248
2024-10-18T15:35:04, 5000, 329, 27.46, 76.12, 0.000487, 0.003249
2024-10-18T15:35:14, 5000, 282, 27.46, 76.14, 0.000487, 0.003248
2024-10-18T15:35:24, 5000, 304, 27.47, 76.09, 0.000487, 0.003249
2024-10-18T15:35:34, 5000, 282, 27.46, 76.15, 0.000487, 0.003248
2024-10-18T15:35:44, 5000, 255, 27.45, 76.15, 0.000487, 0.003248
2024-10-18T15:35:54, 5000, 289, 27.46, 76.10, 0.000487, 0.003247
2024-10-18T15:36:05, 5000, 316, 27.44, 76.09, 0.000487, 0.003248
2024-10-18T15:36:15, 5000, 270, 27.45, 76.08, 0.000487, 0.003247
2024-10-18T15:36:25, 5000, 277, 27.45, 76.15, 0.000487, 0.003250
2024-10-18T15:36:35, 5000, 275, 27.44, 76.15, 0.000488, 0.003251
2024-10-18T15:36:45, 5000, 286, 27.42, 76.08, 0.000487, 0.003247
2024-10-18T15:36:55, 5000, 286, 27.42, 76.05, 0.000487, 0.003248
2024-10-18T15:37:05, 5000, 296, 27.44, 76.02, 0.000487, 0.003247
2024-10-18T15:37:15, 5000, 249, 27.42, 76.05, 0.000487, 0.003247
2024-10-18T15:37:25, 5000, 252, 27.45, 76.09, 0.000487, 0.003248
2024-10-18T15:37:35, 5000, 362, 27.42, 76.04, 0.000487, 0.003248
2024-10-18T15:37:45, 5000, 305, 27.44, 75.98, 0.000487, 0.003248
2024-10-18T15:37:55, 5000, 273, 27.40, 75.97, 0.000487, 0.003247
2024-10-18T15:38:05, 5000, 298, 27.41, 76.01, 0.000487, 0.003245
2024-10-18T15:38:15, 5000, 250, 27.40, 76.05, 0.000487, 0.003245
2024-10-18T15:38:25, 5000, 331, 27.41, 75.97, 0.000487, 0.003246
2024-10-18T15:38:35, 5000, 384, 27.40, 75.96, 0.000487, 0.003247
2024-10-18T15:38:45, 5000, 264, 27.41, 75.99, 0.000487, 0.003246
2024-10-18T15:38:55, 5000, 242, 27.40, 75.95, 0.000487, 0.003245
2024-10-18T15:39:05, 5000, 278, 27.38, 75.85, 0.000487, 0.003245
2024-10-18T15:39:15, 5000, 267, 27.38, 75.93, 0.000487, 0.003246
2024-10-18T15:39:26, 5000, 342, 27.36, 75.96, 0.000487, 0.003244
2024-10-18T15:39:36, 5000, 256, 27.37, 76.02, 0.000487, 0.003246
2024-10-18T15:39:46, 5000, 314, 27.36, 76.09, 0.000487, 0.003248
2024-10-18T15:39:56, 5000, 245, 27.36, 76.04, 0.000487, 0.003246
2024-10-18T15:40:06, 5000, 229, 27.34, 76.12, 0.000487, 0.003245
2024-10-18T15:40:16, 5000, 317, 27.37, 76.04, 0.000487, 0.003244
2024-10-18T15:40:26, 5000, 268, 27.33, 76.12, 0.000487, 0.003247
2024-10-18T15:40:36, 5000, 261, 27.34, 76.06, 0.000487, 0.003246
2024-10-18T15:40:46, 5000, 294, 27.34, 76.07, 0.000487, 0.003244
2024-10-18T15:40:56, 5000, 291, 27.33, 76.13, 0.000487, 0.003245
2024-10-18T15:41:06, 5000, 225, 27.32, 76.11, 0.000487, 0.003244
2024-10-18T15:41:16, 5000, 255, 27.32, 76.16, 0.000487, 0.003244
2024-10-18T15:41:26, 5000, 232, 27.31, 76.19, 0.000487, 0.003247
2024-10-18T15:41:36, 5000, 322, 27.30, 76.15, 0.000487, 0.003246
2024-10-18T15:41:46, 5000, 250, 27.29, 76.18, 0.000487, 0.003245
2024-10-18T15:41:56, 5000, 327, 27.30, 76.12, 0.000487, 0.003245
2024-10-18T15:42:06, 5000, 260, 27.30, 76.05, 0.000487, 0.003244
2024-10-18T15:42:16, 5000, 276, 27.28, 76.12, 0.000487, 0.003246
2024-10-18T15:42:26, 5000, 247, 27.29, 76.05, 0.000487, 0.003245
2024-10-18T15:42:36, 5000, 248, 27.27, 76.08, 0.000486, 0.003242
2024-10-18T15:42:46, 5000, 327, 27.27, 76.14, 0.000487, 0.003243
2024-10-18T15:42:56, 5000, 278, 27.28, 76.08, 0.000486, 0.003243
2024-10-18T15:43:06, 5000, 281, 27.29, 76.09, 0.000487, 0.003244
2024-10-18T15:43:16, 5000, 249, 27.27, 76.01, 0.000486, 0.003242
2024-10-18T15:43:26, 5000, 228, 27.28, 76.02, 0.000486, 0.003243
2024-10-18T15:43:36, 5000, 330, 27.27, 76.01, 0.000486, 0.003243
2024-10-18T15:43:46, 5000, 231, 27.26, 76.05, 0.000487, 0.003243
2024-10-18T15:43:56, 5000, 288, 27.28, 76.02, 0.000487, 0.003243
2024-10-18T15:44:06, 5000, 288, 27.27, 76.02, 0.000486, 0.003242
2024-10-18T15:44:16, 5000, 239, 27.25, 76.01, 0.000486, 0.003243
2024-10-18T15:44:26, 5000, 314, 27.26, 76.01, 0.000487, 0.003244
2024-10-18T15:44:36, 5000, 308, 27.25, 76.03, 0.000487, 0.003243
2024-10-18T15:44:46, 5000, 281, 27.23, 76.00, 0.000487, 0.003245
2024-10-18T15:44:56, 5000, 269, 27.25, 75.94, 0.000487, 0.003243
2024-10-18T15:45:06, 5000, 263, 27.24, 75.86, 0.000486, 0.003243
2024-10-18T15:45:17, 5000, 274, 27.23, 75.93, 0.000486, 0.003243
2024-10-18T15:45:27, 5000, 254, 27.22, 75.97, 0.000486, 0.003241
2024-10-18T15:45:37, 5000, 253, 27.21, 76.04, 0.000486, 0.003243
2024-10-18T15:45:47, 5000, 270, 27.18, 76.00, 0.000486, 0.003242
2024-10-18T15:45:57, 5000, 282, 27.18, 76.04, 0.000486, 0.003242
2024-10-18T15:46:07, 5000, 292, 27.17, 76.02, 0.000486, 0.003242
2024-10-18T15:46:17, 5000, 229, 27.16, 76.01, 0.000487, 0.003243
2024-10-18T15:46:27, 5000, 265, 27.17, 75.99, 0.000486, 0.003242
2024-10-18T15:46:37, 5000, 235, 27.17, 75.97, 0.000486, 0.003239
2024-10-18T15:46:47, 5000, 287, 27.16, 75.98, 0.000486, 0.003242
2024-10-18T15:46:57, 5000, 320, 27.16, 75.93, 0.000486, 0.003243
2024-10-18T15:47:07, 5000, 381, 27.15, 75.94, 0.000486, 0.003241
2024-10-18T15:47:17, 5000, 258, 27.13, 75.87, 0.000486, 0.003241
2024-10-18T15:47:27, 5000, 211, 27.16, 75.86, 0.000486, 0.003242
2024-10-18T15:47:37, 5000, 294, 27.16, 75.83, 0.000486, 0.003240
2024-10-18T15:47:47, 5000, 270, 27.16, 75.87, 0.000486, 0.003243
2024-10-18T15:47:57, 5000, 198, 27.16, 75.80, 0.000486, 0.003240
2024-10-18T15:48:07, 5000, 264, 27.16, 75.84, 0.000486, 0.003241
2024-10-18T15:48:17, 5000, 262, 27.15, 75.88, 0.000486, 0.003240
2024-10-18T15:48:28, 5000, 343, 27.14, 75.83, 0.000486, 0.003239
2024-10-18T15:48:38, 5000, 300, 27.13, 75.78, 0.000486, 0.003241
2024-10-18T15:48:48, 5000, 282, 27.13, 75.77, 0.000486, 0.003242
2024-10-18T15:48:58, 5000, 304, 27.13, 75.77, 0.000486, 0.003240
2024-10-18T15:49:08, 5000, 257, 27.12, 75.78, 0.000486, 0.003241
2024-10-18T15:49:18, 5000, 269, 27.13, 75.88, 0.000486, 0.003243
2024-10-18T15:49:28, 5000, 228, 27.08, 75.89, 0.000486, 0.003240
2024-10-18T15:49:38, 5000, 271, 27.09, 75.89, 0.000485, 0.003236
2024-10-18T15:49:48, 5000, 257, 27.10, 75.90, 0.000485, 0.003236
2024-10-18T15:49:58, 5000, 282, 27.08, 75.88, 0.000486, 0.003238
2024-10-18T15:50:08, 5000, 320, 27.07, 75.86, 0.000486, 0.003240
2024-10-18T15:50:18, 5000, 288, 27.07, 75.92, 0.000486, 0.003239
2024-10-18T15:50:28, 5000, 276, 27.08, 75.92, 0.000486, 0.003240
2024-10-18T15:50:38, 5000, 288, 27.07, 75.94, 0.000486, 0.003240
2024-10-18T15:50:58, 15000, 241, 26.89, 76.26, 0.000486, 0.003241
2024-10-18T15:51:28, 15000, 273, 26.71, 76.78, 0.000486, 0.003238
2024-10-18T15:51:58, 15000, 266, 26.62, 77.03, 0.000486, 0.003237
2024-10-18T15:52:28, 15000, 303, 26.58, 77.14, 0.000485, 0.003237
2024-10-18T15:52:58, 15000, 279, 26.54, 77.29, 0.000485, 0.003235
2024-10-18T15:53:28, 15000, 242, 26.52, 77.33, 0.000485, 0.003233
2024-10-18T15:53:58, 15000, 285, 26.52, 77.33, 0.000485, 0.003236
2024-10-18T15:54:28, 15000, 284, 26.49, 77.34, 0.000485, 0.003235
2024-10-18T15:54:58, 15000, 321, 26.45, 77.35, 0.000485, 0.003236
2024-10-18T15:55:28, 15000, 259, 26.46, 77.43, 0.000486, 0.003237
2024-10-18T15:55:58, 15000, 356, 26.44, 77.50, 0.000485, 0.003236
2024-10-18T15:56:28, 15000, 281, 26.39, 77.64, 0.000485, 0.003234
2024-10-18T15:56:58, 15000, 290, 26.39, 77.69, 0.000484, 0.003228
2024-10-18T15:57:28, 15000, 225, 26.37, 77.67, 0.000484, 0.003229
2024-10-18T15:57:58, 15000, 222, 26.36, 77.63, 0.000485, 0.003231
2024-10-18T15:58:28, 15000, 265, 26.35, 77.65, 0.000485, 0.003233
2024-10-18T15:58:58, 15000, 319, 26.40, 77.76, 0.000485, 0.003232
2024-10-18T15:59:28, 15000, 273, 26.35, 77.83, 0.000485, 0.003231
2024-10-18T15:59:58, 15000, 194, 26.35, 77.86, 0.000485, 0.003231
2024-10-18T16:00:28, 15000, 320, 26.32, 77.96, 0.000485, 0.003232
2024-10-18T16:00:58, 15000, 239, 26.32, 78.03, 0.000484, 0.003229
2024-10-18T16:01:28, 15000, 284, 26.32, 77.97, 0.000485, 0.003231
2024-10-18T16:01:58, 15000, 327, 26.33, 78.03, 0.000485, 0.003232
2024-10-18T16:02:28, 15000, 283, 26.31, 78.03, 0.000485, 0.003234
2024-10-18T16:02:58, 15000, 249, 26.29, 78.14, 0.000485, 0.003231
2024-10-18T16:03:28, 15000, 296, 26.30, 78.12, 0.000485, 0.003232
2024-10-18T16:03:58, 15000, 248, 26.29, 78.11, 0.000485, 0.003231
2024-10-18T16:04:28, 15000, 241, 26.31, 78.07, 0.000485, 0.003233
2024-10-18T16:04:58, 15000, 260, 26.31, 78.04, 0.000485, 0.003233
2024-10-18T16:05:28, 15000, 325, 26.28, 78.03, 0.000485, 0.003232
2024-10-18T16:05:58, 15000, 251, 26.28, 78.07, 0.000485, 0.003230
2024-10-18T16:06:28, 15000, 300, 26.29, 78.04, 0.000485, 0.003231
2024-10-18T16:06:58, 15000, 286, 26.29, 78.05, 0.000484, 0.003230
2024-10-18T16:07:28, 15000, 285, 26.26, 78.17, 0.000484, 0.003229
2024-10-18T16:07:58, 15000, 259, 26.26, 78.17, 0.000484, 0.003228
2024-10-18T16:08:28, 15000, 225, 26.24, 78.07, 0.000484, 0.003229
2024-10-18T16:08:58, 15000, 321, 26.29, 78.11, 0.000484, 0.003230
2024-10-18T16:09:28, 15000, 257, 26.29, 78.19, 0.000484, 0.003229
2024-10-18T16:09:58, 15000, 271, 26.24, 78.20, 0.000484, 0.003225
2024-10-18T16:10:28, 15000, 291, 26.24, 78.16, 0.000484, 0.003226
2024-10-18T16:10:58, 15000, 240, 26.24, 78.13, 0.000484, 0.003229
2024-10-18T16:11:28, 15000, 297, 26.24, 78.09, 0.000485, 0.003230
2024-10-18T16:11:58, 15000, 263, 26.26, 78.00, 0.000484, 0.003228
2024-10-18T16:12:28, 15000, 267, 26.24, 77.98, 0.000484, 0.003229
2024-10-18T16:12:58, 15000, 293, 26.23, 78.07, 0.000485, 0.003231
2024-10-18T16:13:28, 15000, 257, 26.24, 78.05, 0.000484, 0.003225
2024-10-18T16:13:58, 15000, 329, 26.23, 77.99, 0.000484, 0.003228
2024-10-18T16:14:28, 15000, 293, 26.24, 78.03, 0.000485, 0.003230
2024-10-18T16:14:58, 15000, 321, 26.21, 78.04, 0.000484, 0.003227
2024-10-18T16:15:28, 15000, 258, 26.17, 78.00, 0.000484, 0.003224
2024-10-18T16:15:58, 15000, 279, 26.22, 77.96, 0.000484, 0.003226
2024-10-18T16:16:28, 15000, 286, 26.22, 77.99, 0.000484, 0.003228
2024-10-18T16:16:58, 15000, 318, 26.19, 78.01, 0.000484, 0.003228
2024-10-18T16:17:28, 15000, 226, 26.19, 78.07, 0.000484, 0.003229
2024-10-18T16:17:58, 15000, 228, 26.20, 78.04, 0.000484, 0.003229
2024-10-18T16:18:28, 15000, 313, 26.19, 78.10, 0.000484, 0.003229
2024-10-18T16:18:58, 15000, 228, 26.20, 78.08, 0.000484, 0.003227
2024-10-18T16:19:28, 15000, 343, 26.18, 78.12, 0.000484, 0.003228
2024-10-18T16:19:58, 15000, 323, 26.20, 78.11, 0.000484, 0.003228
2024-10-18T16:20:28, 15000, 301, 26.18, 78.11, 0.000484, 0.003229
2024-10-18T16:21:18, 35000, 332, 26.13, 78.31, 0.000484, 0.003227
2024-10-18T16:22:28, 35000, 322, 26.09, 78.31, 0.000484, 0.003226
2024-10-18T16:23:38, 35000, 316, 26.06, 78.36, 0.000483, 0.003223
2024-10-18T16:24:48, 35000, 281, 26.02, 78.28, 0.000483, 0.003221
2024-10-18T16:25:58, 35000, 270, 25.99, 78.30, 0.000483, 0.003222
2024-10-18T16:27:08, 35000, 295, 25.99, 78.36, 0.000484, 0.003224
2024-10-18T16:28:18, 35000, 298, 25.99, 78.45, 0.000483, 0.003223
2024-10-18T16:29:28, 35000, 274, 25.96, 78.46, 0.000484, 0.003225
2024-10-18T16:30:38, 35000, 287, 25.97, 78.54, 0.000483, 0.003223
2024-10-18T16:31:48, 35000, 399, 25.92, 78.10, 0.000484, 0.003224
2024-10-18T16:32:58, 35000, 362, 25.90, 78.15, 0.000483, 0.003223
2024-10-18T16:34:08, 35000, 307, 25.88, 78.30, 0.000483, 0.003222
2024-10-18T16:35:18, 35000, 279, 25.90, 78.43, 0.000483, 0.003220
2024-10-18T16:36:28, 35000, 278, 25.89, 78.40, 0.000483, 0.003222
2024-10-18T16:37:38, 35000, 307, 25.89, 78.38, 0.000483, 0.003222
2024-10-18T16:38:48, 35000, 302, 25.90, 78.34, 0.000483, 0.003223
2024-10-18T16:39:58, 35000, 333, 25.89, 78.37, 0.000483, 0.003223
2024-10-18T16:41:08, 35000, 281, 25.91, 78.33, 0.000483, 0.003221
2024-10-18T16:42:18, 35000, 276, 25.90, 78.26, 0.000483, 0.003222
2024-10-18T16:43:28, 35000, 280, 25.89, 78.33, 0.000483, 0.003220
2024-10-18T16:44:38, 35000, 231, 25.87, 78.30, 0.000484, 0.003224
2024-10-18T16:45:48, 35000, 281, 25.86, 78.29, 0.000484, 0.003224
2024-10-18T16:46:58, 35000, 241, 25.87, 78.34, 0.000483, 0.003221
2024-10-18T16:48:08, 35000, 244, 25.87, 78.35, 0.000483, 0.003222
2024-10-18T16:49:18, 35000, 273, 25.86, 78.55, 0.000484, 0.003224
2024-10-18T16:50:28, 35000, 256, 25.87, 78.55, 0.000483, 0.003221
2024-10-18T16:52:58, 75000, 291, 25.85, 78.74, 0.000484, 0.003223
2024-10-18T16:55:28, 75000, 281, 25.82, 78.82, 0.000484, 0.003224
2024-10-18T16:57:58, 75000, 278, 25.81, 78.96, 0.000483, 0.003221
2024-10-18T17:00:28, 75000, 259, 25.81, 79.10, 0.000483, 0.003220
2024-10-18T17:02:57, 75000, 299, 25.82, 79.15, 0.000483, 0.003217
2024-10-18T17:05:27, 75000, 302, 25.79, 78.97, 0.000483, 0.003220
2024-10-18T17:07:57, 75000, 267, 25.74, 78.80, 0.000483, 0.003219
2024-10-18T17:10:27, 75000, 289, 25.73, 78.84, 0.000483, 0.003219
2024-10-18T17:12:57, 75000, 249, 25.74, 79.04, 0.000483, 0.003218
2024-10-18T17:15:27, 75000, 226, 25.72, 79.04, 0.000483, 0.003219
2024-10-18T17:17:57, 75000, 312, 25.69, 79.15, 0.000483, 0.003218
2024-10-18T17:20:27, 75000, 322, 25.70, 79.21, 0.000483, 0.003219
2024-10-18T17:25:37, 155000, 253, 25.72, 79.41, 0.000483, 0.003219
2024-10-18T17:30:47, 155000, 223, 25.69, 79.34, 0.000483, 0.003218
2024-10-18T17:35:57, 155000, 243, 25.62, 79.51, 0.000483, 0.003219
2024-10-18T17:41:07, 155000, 249, 25.63, 79.69, 0.000483, 0.003219
2024-10-18T17:46:17, 155000, 270, 25.60, 80.08, 0.000483, 0.003218
2024-10-18T17:54:07, 315000, 213, 25.58, 80.18, 0.000483, 0.003217
2024-10-18T18:04:37, 315000, 283, 25.49, 79.99, 0.000482, 0.003215
2024-10-18T18:15:07, 315000, 268, 25.45, 80.07, 0.000482, 0.003216
2024-10-18T18:30:57, 635000, 231, 25.43, 80.34, 0.000482, 0.003216
2024-10-18T19:02:47, 1275000, 208, 25.35, 81.06, 0.000482, 0.003215
2024-10-18T19:20:52, 1, 213, 25.38, 81.72, 0.000482, 0.003215
2024-10-18T19:21:02, 1, 262, 25.56, 81.40, 0.000483, 0.003217
2024-10-18T19:21:12, 1, 213, 25.65, 81.14, 0.000482, 0.003216
2024-10-18T19:21:22, 1, 238, 25.72, 80.92, 0.000483, 0.003218
2024-10-18T19:21:32, 1, 236, 25.78, 80.84, 0.000482, 0.003216
2024-10-18T19:21:42, 1, 211, 25.81, 80.74, 0.000482, 0.003217
2024-10-18T19:21:52, 1, 303, 25.83, 80.60, 0.000483, 0.003219
2024-10-18T19:22:02, 1, 200, 25.87, 80.48, 0.000483, 0.003218
2024-10-18T19:22:12, 1, 237, 25.90, 80.44, 0.000483, 0.003220
2024-10-18T19:22:22, 1, 237, 25.89, 80.36, 0.000483, 0.003220
2024-10-18T19:22:32, 1, 205, 25.93, 80.27, 0.000483, 0.003219
2024-10-18T19:22:42, 1, 321, 25.96, 80.20, 0.000483, 0.003219
2024-10-18T19:22:52, 1, 318, 25.98, 80.13, 0.000483, 0.003220
2024-10-18T19:23:02, 1, 250, 25.98, 80.12, 0.000483, 0.003219
2024-10-18T19:23:12, 1, 216, 25.99, 79.98, 0.000483, 0.003221
2024-10-18T19:23:22, 1, 285, 25.98, 80.01, 0.000483, 0.003220
2024-10-18T19:23:32, 1, 257, 26.02, 79.88, 0.000483, 0.003223
2024-10-18T19:23:42, 1, 238, 25.99, 79.88, 0.000483, 0.003222
2024-10-18T19:23:52, 1, 252, 26.01, 79.90, 0.000483, 0.003219
2024-10-18T19:24:02, 1, 279, 26.03, 79.78, 0.000483, 0.003221
2024-10-18T19:24:12, 1, 232, 26.03, 79.77, 0.000483, 0.003222
2024-10-18T19:24:22, 1, 231, 26.03, 79.76, 0.000483, 0.003222
2024-10-18T19:24:32, 1, 292, 26.04, 79.73, 0.000483, 0.003221
2024-10-18T19:24:42, 1, 245, 26.04, 79.62, 0.000484, 0.003224
2024-10-18T19:24:52, 1, 297, 26.06, 79.62, 0.000483, 0.003223
2024-10-18T19:25:02, 1, 225, 26.07, 79.57, 0.000484, 0.003224
2024-10-18T19:25:12, 1, 250, 26.08, 79.57, 0.000484, 0.003225
2024-10-18T19:25:22, 1, 258, 26.07, 79.55, 0.000484, 0.003225
2024-10-18T19:25:33, 1, 276, 26.06, 79.53, 0.000484, 0.003225
2024-10-18T19:25:43, 1, 240, 26.06, 79.48, 0.000484, 0.003224
2024-10-18T19:25:53, 1, 227, 26.07, 79.44, 0.000484, 0.003226
2024-10-18T19:26:03, 1, 219, 26.07, 79.45, 0.000484, 0.003225
2024-10-18T19:26:13, 1, 206, 26.07, 79.39, 0.000484, 0.003226
2024-10-18T19:26:23, 1, 232, 26.11, 79.39, 0.000484, 0.003226
2024-10-18T19:26:33, 1, 281, 26.08, 79.39, 0.000484, 0.003226
2024-10-18T19:26:43, 1, 265, 26.08, 79.37, 0.000484, 0.003226
2024-10-18T19:26:53, 1, 286, 26.09, 79.30, 0.000484, 0.003226
2024-10-18T19:27:03, 1, 237, 26.09, 79.33, 0.000484, 0.003229
2024-10-18T19:27:13, 1, 226, 26.09, 79.31, 0.000484, 0.003228
2024-10-18T19:27:23, 1, 198, 26.11, 79.31, 0.000484, 0.003226
2024-10-18T19:27:33, 1, 273, 26.11, 79.25, 0.000484, 0.003228
2024-10-18T19:27:43, 1, 224, 26.11, 79.23, 0.000484, 0.003228
2024-10-18T19:27:53, 1, 276, 26.09, 79.23, 0.000484, 0.003229
2024-10-18T19:28:03, 1, 236, 26.07, 79.18, 0.000484, 0.003228
2024-10-18T19:28:13, 1, 240, 26.12, 79.20, 0.000485, 0.003230
2024-10-18T19:28:23, 1, 237, 26.08, 79.18, 0.000484, 0.003228
2024-10-18T19:28:33, 1, 283, 26.11, 79.17, 0.000484, 0.003229
2024-10-18T19:28:43, 1, 290, 26.11, 79.15, 0.000484, 0.003228
2024-10-18T19:28:53, 1, 208, 26.10, 79.12, 0.000484, 0.003229
2024-10-18T19:29:03, 1, 198, 26.09, 79.08, 0.000484, 0.003229
2024-10-18T19:29:13, 1, 208, 26.09, 79.14, 0.000485, 0.003231
2024-10-18T19:29:23, 1, 285, 26.11, 79.08, 0.000484, 0.003230
2024-10-18T19:29:33, 1, 179, 26.11, 79.10, 0.000485, 0.003231
2024-10-18T19:29:44, 1, 247, 26.08, 79.11, 0.000484, 0.003228
2024-10-18T19:29:54, 1, 256, 26.11, 79.07, 0.000484, 0.003228
2024-10-18T19:30:04, 1, 258, 26.09, 79.09, 0.000484, 0.003229
2024-10-18T19:30:14, 1, 280, 26.09, 79.14, 0.000484, 0.003229
2024-10-18T19:30:24, 1, 217, 26.11, 79.14, 0.000484, 0.003230
2024-10-18T19:30:34, 1, 289, 26.13, 79.15, 0.000484, 0.003229
2024-10-18T19:30:44, 1, 260, 26.12, 79.06, 0.000485, 0.003231
2024-10-18T19:30:54, 1, 298, 26.13, 79.09, 0.000484, 0.003229
2024-10-18T19:31:04, 1, 283, 26.13, 79.05, 0.000484, 0.003229
2024-10-18T19:31:14, 1, 203, 26.12, 79.09, 0.000485, 0.003231
2024-10-18T19:31:24, 1, 270, 26.11, 79.04, 0.000485, 0.003232
2024-10-18T19:31:34, 1, 244, 26.12, 79.09, 0.000484, 0.003230
2024-10-18T19:31:44, 1, 204, 26.13, 79.08, 0.000485, 0.003231
2024-10-18T19:31:54, 1, 211, 26.13, 79.07, 0.000484, 0.003230
2024-10-18T19:32:04, 1, 220, 26.13, 79.09, 0.000484, 0.003230
2024-10-18T19:32:14, 1, 264, 26.12, 79.06, 0.000485, 0.003230
2024-10-18T19:32:24, 1, 167, 26.13, 79.06, 0.000484, 0.003229
2024-10-18T19:32:34, 1, 310, 26.15, 79.06, 0.000485, 0.003230
2024-10-18T19:32:44, 1, 300, 26.11, 79.05, 0.000485, 0.003231
2024-10-18T19:32:54, 1, 271, 26.12, 79.05, 0.000485, 0.003231
2024-10-18T19:33:04, 1, 204, 26.13, 79.02, 0.000485, 0.003231
2024-10-18T19:33:14, 1, 316, 26.13, 79.03, 0.000484, 0.003229
2024-10-18T19:33:24, 1, 207, 26.12, 78.97, 0.000485, 0.003232
2024-10-18T19:33:34, 1, 262, 26.12, 79.05, 0.000485, 0.003230
2024-10-18T19:33:44, 1, 236, 26.12, 79.03, 0.000484, 0.003229
2024-10-18T19:33:54, 1, 276, 26.12, 78.98, 0.000485, 0.003231
2024-10-18T19:34:04, 1, 260, 26.12, 78.96, 0.000484, 0.003230
2024-10-18T19:34:14, 1, 333, 26.12, 78.99, 0.000485, 0.003230
2024-10-18T19:34:25, 1, 240, 26.12, 79.01, 0.000485, 0.003232
2024-10-18T19:34:35, 1, 279, 26.13, 79.00, 0.000485, 0.003231
2024-10-18T19:34:45, 1, 202, 26.13, 78.92, 0.000485, 0.003232
2024-10-18T19:34:55, 1, 293, 26.12, 78.95, 0.000485, 0.003231
2024-10-18T19:35:05, 1, 226, 26.13, 78.91, 0.000485, 0.003231
2024-10-18T19:35:15, 1, 291, 26.13, 78.88, 0.000484, 0.003230
2024-10-18T19:35:25, 1, 185, 26.14, 78.93, 0.000485, 0.003231
2024-10-18T19:35:35, 1, 284, 26.13, 78.88, 0.000485, 0.003232
2024-10-18T19:35:45, 1, 305, 26.14, 78.90, 0.000485, 0.003233
2024-10-18T19:35:55, 1, 319, 26.13, 78.87, 0.000485, 0.003232
2024-10-18T19:36:05, 1, 283, 26.13, 78.87, 0.000484, 0.003230
2024-10-18T19:36:15, 1, 325, 26.13, 78.92, 0.000485, 0.003231
2024-10-18T19:36:25, 1, 211, 26.14, 78.90, 0.000485, 0.003231
2024-10-18T19:36:35, 1, 244, 26.13, 78.88, 0.000485, 0.003230
2024-10-18T19:36:45, 1, 248, 26.14, 78.89, 0.000485, 0.003234
2024-10-18T19:36:55, 1, 255, 26.13, 78.90, 0.000485, 0.003231
2024-10-18T19:37:05, 1, 313, 26.13, 78.88, 0.000485, 0.003232
2024-10-18T19:37:15, 1, 309, 26.15, 78.87, 0.000485, 0.003233
2024-10-18T19:37:25, 1, 289, 26.13, 78.87, 0.000485, 0.003233
2024-10-18T19:37:35, 1, 248, 26.11, 78.87, 0.000485, 0.003233
2024-10-18T19:37:45, 1, 248, 26.13, 78.88, 0.000485, 0.003231
2024-10-18T19:37:55, 1, 297, 26.12, 78.84, 0.000485, 0.003234
2024-10-18T19:38:05, 1, 284, 26.12, 78.78, 0.000485, 0.003233
2024-10-18T19:38:15, 1, 223, 26.13, 78.80, 0.000485, 0.003233
2024-10-18T19:38:25, 1, 256, 26.13, 78.83, 0.000485, 0.003233
2024-10-18T19:38:35, 1, 295, 26.13, 78.83, 0.000485, 0.003232
2024-10-18T19:38:45, 1, 315, 26.12, 78.80, 0.000485, 0.003234
2024-10-18T19:38:55, 1, 265, 26.13, 78.84, 0.000485, 0.003233
2024-10-18T19:39:05, 1, 331, 26.12, 78.80, 0.000485, 0.003233
2024-10-18T19:39:15, 1, 271, 26.13, 78.81, 0.000485, 0.003233
2024-10-18T19:39:25, 1, 287, 26.12, 78.77, 0.000485, 0.003233
2024-10-18T19:39:35, 1, 205, 26.12, 78.79, 0.000485, 0.003233
2024-10-18T19:39:45, 1, 293, 26.12, 78.83, 0.000485, 0.003233
2024-10-18T19:39:55, 1, 213, 26.11, 78.83, 0.000485, 0.003234
2024-10-18T19:40:06, 1, 231, 26.11, 78.81, 0.000485, 0.003232
2024-10-18T19:40:16, 1, 274, 26.12, 78.78, 0.000485, 0.003233
2024-10-18T19:40:26, 1, 309, 26.12, 78.83, 0.000485, 0.003234
2024-10-18T19:40:36, 1, 301, 26.12, 78.80, 0.000485, 0.003233
2024-10-18T19:40:46, 1, 275, 26.12, 78.80, 0.000485, 0.003233
2024-10-18T19:40:56, 1, 269, 26.13, 78.83, 0.000485, 0.003233
2024-10-18T19:41:06, 1, 290, 26.12, 78.84, 0.000485, 0.003232
2024-10-18T19:41:16, 1, 326, 26.12, 78.82, 0.000485, 0.003234
2024-10-18T19:41:26, 1, 266, 26.14, 78.80, 0.000485, 0.003232
2024-10-18T19:41:36, 1, 274, 26.13, 78.78, 0.000485, 0.003233
2024-10-18T19:41:46, 1, 231, 26.13, 78.75, 0.000485, 0.003234
2024-10-18T19:41:56, 1, 292, 26.13, 78.79, 0.000485, 0.003232
2024-10-18T19:42:06, 1, 146, 26.12, 78.83, 0.000485, 0.003232
2024-10-18T19:42:16, 1, 213, 26.13, 78.79, 0.000485, 0.003232
2024-10-18T19:42:26, 1, 225, 26.12, 78.82, 0.000485, 0.003234
2024-10-18T19:42:36, 1, 227, 26.11, 78.89, 0.000485, 0.003232
2024-10-18T19:42:46, 1, 218, 26.11, 78.87, 0.000485, 0.003234
2024-10-18T19:42:56, 1, 332, 26.15, 78.93, 0.000485, 0.003233
2024-10-18T19:43:06, 1, 283, 26.14, 78.92, 0.000485, 0.003234
2024-10-18T19:43:17, 1, 223, 26.13, 78.92, 0.000485, 0.003233
2024-10-18T19:43:27, 1, 309, 26.13, 78.96, 0.000485, 0.003233
2024-10-18T19:43:37, 1, 302, 26.14, 78.94, 0.000485, 0.003235
2024-10-18T19:43:47, 1, 272, 26.11, 78.89, 0.000485, 0.003233
2024-10-18T19:43:57, 1, 253, 26.13, 78.87, 0.000485, 0.003233
2024-10-18T19:44:07, 1, 270, 26.11, 78.84, 0.000485, 0.003234
2024-10-18T19:44:17, 1, 253, 26.12, 78.81, 0.000485, 0.003234
2024-10-18T19:44:27, 1, 180, 26.14, 78.85, 0.000485, 0.003231
2024-10-18T19:44:37, 1, 261, 26.13, 78.87, 0.000485, 0.003233
2024-10-18T19:44:47, 1, 269, 26.11, 78.86, 0.000485, 0.003232
2024-10-18T19:44:57, 1, 215, 26.15, 78.87, 0.000485, 0.003234
2024-10-18T19:45:07, 1, 322, 26.12, 78.87, 0.000485, 0.003234
2024-10-18T19:45:17, 1, 315, 26.13, 78.90, 0.000485, 0.003233
2024-10-18T19:45:27, 1, 273, 26.12, 78.96, 0.000485, 0.003232
2024-10-18T19:45:37, 1, 189, 26.13, 78.88, 0.000485, 0.003233
2024-10-18T19:45:47, 1, 231, 26.12, 78.92, 0.000485, 0.003235
2024-10-18T19:45:57, 1, 221, 26.15, 78.93, 0.000485, 0.003232
2024-10-18T19:46:07, 1, 311, 26.11, 78.91, 0.000485, 0.003234
2024-10-18T19:46:17, 1, 276, 26.13, 78.97, 0.000485, 0.003233
2024-10-18T19:46:27, 1, 222, 26.15, 79.02, 0.000485, 0.003234
2024-10-18T19:46:37, 1, 231, 26.12, 78.96, 0.000485, 0.003234
2024-10-18T19:46:47, 1, 268, 26.11, 78.98, 0.000485, 0.003235
2024-10-18T19:46:57, 1, 266, 26.12, 78.96, 0.000485, 0.003235
2024-10-18T19:47:07, 1, 277, 26.14, 78.99, 0.000485, 0.003235
2024-10-18T19:47:17, 1, 264, 26.12, 78.99, 0.000485, 0.003235
2024-10-18T19:47:27, 1, 260, 26.11, 79.02, 0.000485, 0.003235
2024-10-18T19:47:37, 1, 234, 26.12, 79.04, 0.000485, 0.003236
2024-10-18T19:47:47, 1, 235, 26.15, 79.04, 0.000485, 0.003234
2024-10-18T19:47:57, 1, 307, 26.14, 79.07, 0.000485, 0.003236
2024-10-18T19:48:07, 1, 257, 26.13, 79.10, 0.000485, 0.003234
2024-10-18T19:48:17, 1, 300, 26.13, 79.04, 0.000485, 0.003233
2024-10-18T19:48:27, 1, 252, 26.12, 79.01, 0.000485, 0.003234
2024-10-18T19:48:37, 1, 267, 26.13, 79.01, 0.000485, 0.003234
2024-10-18T19:48:47, 1, 275, 26.11, 79.06, 0.000485, 0.003235
2024-10-18T19:48:57, 1, 228, 26.12, 79.10, 0.000485, 0.003235
2024-10-18T19:49:08, 1, 212, 26.13, 79.04, 0.000485, 0.003235
2024-10-18T19:49:18, 1, 312, 26.13, 79.07, 0.000485, 0.003233
2024-10-18T19:49:28, 1, 241, 26.14, 79.11, 0.000485, 0.003233
2024-10-18T19:49:38, 1, 256, 26.15, 79.00, 0.000485, 0.003236
2024-10-18T19:49:48, 1, 224, 26.15, 79.01, 0.000485, 0.003235
2024-10-18T19:49:58, 1, 341, 26.12, 79.05, 0.000485, 0.003236
2024-10-18T19:50:08, 1, 249, 26.11, 79.03, 0.000485, 0.003235
2024-10-18T19:50:18, 1, 221, 26.16, 79.08, 0.000485, 0.003234
2024-10-18T19:50:28, 1, 360, 26.14, 79.07, 0.000485, 0.003235
2024-10-18T19:50:38, 1, 241, 26.15, 79.10, 0.000485, 0.003233
2024-10-18T19:50:48, 5000, 192, 26.13, 79.10, 0.000485, 0.003236
2024-10-18T19:50:58, 5000, 262, 26.15, 79.07, 0.000485, 0.003234
2024-10-18T19:51:08, 5000, 245, 26.13, 79.05, 0.000485, 0.003236
2024-10-18T19:51:18, 5000, 223, 26.15, 79.08, 0.000485, 0.003233
2024-10-18T19:51:28, 5000, 281, 26.15, 79.08, 0.000485, 0.003235
2024-10-18T19:51:38, 5000, 290, 26.13, 79.10, 0.000485, 0.003235
2024-10-18T19:51:48, 5000, 247, 26.14, 79.07, 0.000485, 0.003235
2024-10-18T19:51:58, 5000, 220, 26.14, 79.09, 0.000485, 0.003235
2024-10-18T19:52:08, 5000, 271, 26.12, 79.14, 0.000485, 0.003232
2024-10-18T19:52:19, 5000, 250, 26.13, 79.15, 0.000485, 0.003234
2024-10-18T19:52:29, 5000, 261, 26.13, 79.14, 0.000485, 0.003235
2024-10-18T19:52:39, 5000, 276, 26.12, 79.13, 0.000485, 0.003235
2024-10-18T19:52:49, 5000, 291, 26.13, 79.13, 0.000485, 0.003236
2024-10-18T19:52:59, 5000, 252, 26.13, 79.05, 0.000485, 0.003236
2024-10-18T19:53:09, 5000, 269, 26.13, 79.10, 0.000485, 0.003236
2024-10-18T19:53:19, 5000, 259, 26.12, 79.07, 0.000485, 0.003235
2024-10-18T19:53:29, 5000, 269, 26.13, 79.09, 0.000485, 0.003235
2024-10-18T19:53:39, 5000, 282, 26.14, 79.04, 0.000485, 0.003236
2024-10-18T19:53:49, 5000, 230, 26.14, 79.08, 0.000485, 0.003234
2024-10-18T19:53:59, 5000, 242, 26.13, 79.07, 0.000485, 0.003236
2024-10-18T19:54:09, 5000, 250, 26.16, 79.09, 0.000485, 0.003235
2024-10-18T19:54:19, 5000, 273, 26.11, 79.04, 0.000485, 0.003234
2024-10-18T19:54:29, 5000, 277, 26.14, 79.09, 0.000485, 0.003235
2024-10-18T19:54:39, 5000, 294, 26.14, 79.09, 0.000486, 0.003237
2024-10-18T19:54:49, 5000, 251, 26.13, 79.10, 0.000485, 0.003237
2024-10-18T19:54:59, 5000, 278, 26.13, 79.10, 0.000485, 0.003236
2024-10-18T19:55:09, 5000, 262, 26.16, 79.10, 0.000485, 0.003234
2024-10-18T19:55:19, 5000, 262, 26.14, 79.05, 0.000485, 0.003235
2024-10-18T19:55:29, 5000, 295, 26.14, 79.07, 0.000485, 0.003235
2024-10-18T19:55:39, 5000, 188, 26.15, 79.13, 0.000485, 0.003234
2024-10-18T19:55:49, 5000, 262, 26.16, 79.15, 0.000486, 0.003237
2024-10-18T19:55:59, 5000, 312, 26.15, 79.18, 0.000485, 0.003236
2024-10-18T19:56:09, 5000, 215, 26.16, 79.24, 0.000486, 0.003237
2024-10-18T19:56:19, 5000, 293, 26.15, 79.16, 0.000485, 0.003234
2024-10-18T19:56:29, 5000, 215, 26.14, 79.25, 0.000485, 0.003235
2024-10-18T19:56:39, 5000, 248, 26.15, 79.22, 0.000485, 0.003237
2024-10-18T19:56:49, 5000, 278, 26.15, 79.21, 0.000485, 0.003235
2024-10-18T19:56:59, 5000, 223, 26.15, 79.24, 0.000485, 0.003236
2024-10-18T19:57:09, 5000, 318, 26.14, 79.21, 0.000485, 0.003235
2024-10-18T19:57:19, 5000, 258, 26.17, 79.15, 0.000485, 0.003234
2024-10-18T19:57:29, 5000, 255, 26.15, 79.16, 0.000485, 0.003236
2024-10-18T19:57:39, 5000, 220, 26.14, 79.18, 0.000486, 0.003237
2024-10-18T19:57:49, 5000, 293, 26.15, 79.15, 0.000485, 0.003236
2024-10-18T19:58:00, 5000, 285, 26.13, 79.14, 0.000485, 0.003236
2024-10-18T19:58:10, 5000, 247, 26.13, 79.18, 0.000485, 0.003236
2024-10-18T19:58:20, 5000, 275, 26.14, 79.11, 0.000485, 0.003236
2024-10-18T19:58:30, 5000, 279, 26.14, 79.11, 0.000485, 0.003236
2024-10-18T19:58:40, 5000, 223, 26.15, 79.10, 0.000485, 0.003236
2024-10-18T19:58:50, 5000, 243, 26.14, 79.12, 0.000485, 0.003236
2024-10-18T19:59:00, 5000, 189, 26.13, 79.09, 0.000485, 0.003236
2024-10-18T19:59:10, 5000, 200, 26.14, 79.11, 0.000485, 0.003236
2024-10-18T19:59:20, 5000, 264, 26.14, 79.16, 0.000485, 0.003234
2024-10-18T19:59:30, 5000, 259, 26.14, 79.13, 0.000485, 0.003236
2024-10-18T19:59:40, 5000, 246, 26.13, 79.14, 0.000485, 0.003236
2024-10-18T19:59:50, 5000, 221, 26.13, 79.18, 0.000485, 0.003236
2024-10-18T20:00:00, 5000, 318, 26.15, 79.18, 0.000485, 0.003234
2024-10-18T20:00:10, 5000, 246, 26.14, 79.14, 0.000485, 0.003235
2024-10-18T20:00:20, 5000, 264, 26.13, 79.11, 0.000485, 0.003236
2024-10-18T20:00:30, 5000, 264, 26.13, 79.16, 0.000486, 0.003237
2024-10-18T20:00:40, 5000, 232, 26.13, 79.19, 0.000485, 0.003236
2024-10-18T20:00:50, 5000, 273, 26.13, 79.17, 0.000485, 0.003236
2024-10-18T20:01:00, 5000, 245, 26.14, 79.19, 0.000485, 0.003236
2024-10-18T20:01:10, 5000, 162, 26.13, 79.24, 0.000485, 0.003236
2024-10-18T20:01:20, 5000, 237, 26.14, 79.22, 0.000485, 0.003236
2024-10-18T20:01:30, 5000, 277, 26.13, 79.21, 0.000486, 0.003237
2024-10-18T20:01:40, 5000, 189, 26.13, 79.26, 0.000485, 0.003236
2024-10-18T20:01:51, 5000, 199, 26.12, 79.29, 0.000485, 0.003236
2024-10-18T20:02:01, 5000, 294, 26.12, 79.29, 0.000485, 0.003236
2024-10-18T20:02:11, 5000, 321, 26.14, 79.28, 0.000485, 0.003237
2024-10-18T20:02:21, 5000, 343, 26.14, 79.31, 0.000485, 0.003235
2024-10-18T20:02:31, 5000, 333, 26.13, 79.29, 0.000485, 0.003235
2024-10-18T20:02:41, 5000, 253, 26.15, 79.33, 0.000485, 0.003237
2024-10-18T20:02:51, 5000, 242, 26.13, 79.33, 0.000485, 0.003236
2024-10-18T20:03:01, 5000, 286, 26.13, 79.39, 0.000485, 0.003236
2024-10-18T20:03:11, 5000, 255, 26.15, 79.44, 0.000485, 0.003235
2024-10-18T20:03:21, 5000, 295, 26.15, 79.44, 0.000485, 0.003235
2024-10-18T20:03:31, 5000, 257, 26.16, 79.44, 0.000485, 0.003236
2024-10-18T20:03:41, 5000, 213, 26.14, 79.44, 0.000486, 0.003237
2024-10-18T20:03:51, 5000, 267, 26.15, 79.43, 0.000486, 0.003238
2024-10-18T20:04:01, 5000, 289, 26.13, 79.36, 0.000486, 0.003237
2024-10-18T20:04:11, 5000, 256, 26.13, 79.39, 0.000485, 0.003235
2024-10-18T20:04:21, 5000, 222, 26.13, 79.37, 0.000485, 0.003236
2024-10-18T20:04:31, 5000, 290, 26.15, 79.43, 0.000485, 0.003234
2024-10-18T20:04:41, 5000, 252, 26.16, 79.39, 0.000485, 0.003236
2024-10-18T20:04:51, 5000, 319, 26.13, 79.36, 0.000485, 0.003237
2024-10-18T20:05:01, 5000, 258, 26.14, 79.36, 0.000486, 0.003237
2024-10-18T20:05:11, 5000, 295, 26.16, 79.36, 0.000485, 0.003237
2024-10-18T20:05:21, 5000, 277, 26.14, 79.33, 0.000486, 0.003238
2024-10-18T20:05:31, 5000, 280, 26.16, 79.38, 0.000485, 0.003236
2024-10-18T20:05:41, 5000, 254, 26.15, 79.35, 0.000486, 0.003237
2024-10-18T20:05:51, 5000, 281, 26.16, 79.35, 0.000485, 0.003236
2024-10-18T20:06:01, 5000, 251, 26.17, 79.32, 0.000485, 0.003236
2024-10-18T20:06:11, 5000, 254, 26.17, 79.33, 0.000485, 0.003236
2024-10-18T20:06:21, 5000, 273, 26.14, 79.32, 0.000485, 0.003237
2024-10-18T20:06:31, 5000, 314, 26.15, 79.35, 0.000486, 0.003238
2024-10-18T20:06:41, 5000, 232, 26.15, 79.30, 0.000485, 0.003236
2024-10-18T20:06:51, 5000, 268, 26.16, 79.34, 0.000485, 0.003236
2024-10-18T20:07:02, 5000, 186, 26.14, 79.33, 0.000486, 0.003237
2024-10-18T20:07:12, 5000, 199, 26.15, 79.29, 0.000485, 0.003236
2024-10-18T20:07:22, 5000, 267, 26.16, 79.28, 0.000485, 0.003235
2024-10-18T20:07:32, 5000, 255, 26.15, 79.32, 0.000485, 0.003236
2024-10-18T20:07:42, 5000, 296, 26.14, 79.35, 0.000485, 0.003236
2024-10-18T20:07:52, 5000, 244, 26.14, 79.36, 0.000485, 0.003236
2024-10-18T20:08:02, 5000, 287, 26.14, 79.39, 0.000485, 0.003236
2024-10-18T20:08:12, 5000, 222, 26.14, 79.34, 0.000486, 0.003237
2024-10-18T20:08:22, 5000, 321, 26.16, 79.36, 0.000486, 0.003237
2024-10-18T20:08:32, 5000, 279, 26.12, 79.31, 0.000486, 0.003237
2024-10-18T20:08:42, 5000, 202, 26.15, 79.31, 0.000485, 0.003236
2024-10-18T20:08:52, 5000, 234, 26.15, 79.31, 0.000486, 0.003237
2024-10-18T20:09:02, 5000, 285, 26.13, 79.29, 0.000486, 0.003237
2024-10-18T20:09:12, 5000, 321, 26.13, 79.28, 0.000485, 0.003236
2024-10-18T20:09:22, 5000, 207, 26.14, 79.28, 0.000485, 0.003235
2024-10-18T20:09:32, 5000, 224, 26.14, 79.27, 0.000485, 0.003236
2024-10-18T20:09:42, 5000, 217, 26.13, 79.26, 0.000485, 0.003235
2024-10-18T20:09:52, 5000, 275, 26.17, 79.28, 0.000486, 0.003237
2024-10-18T20:10:02, 5000, 279, 26.13, 79.28, 0.000486, 0.003237
2024-10-18T20:10:12, 5000, 272, 26.15, 79.35, 0.000485, 0.003236
2024-10-18T20:10:22, 5000, 226, 26.15, 79.35, 0.000485, 0.003235
2024-10-18T20:10:32, 5000, 270, 26.13, 79.37, 0.000486, 0.003237
2024-10-18T20:10:42, 5000, 195, 26.13, 79.34, 0.000486, 0.003237
2024-10-18T20:10:52, 5000, 225, 26.13, 79.35, 0.000486, 0.003238
2024-10-18T20:11:02, 5000, 248, 26.14, 79.39, 0.000485, 0.003235
2024-10-18T20:11:12, 5000, 253, 26.15, 79.38, 0.000486, 0.003238
2024-10-18T20:11:22, 5000, 256, 26.13, 79.39, 0.000486, 0.003237
2024-10-18T20:11:32, 5000, 288, 26.14, 79.43, 0.000486, 0.003237
2024-10-18T20:11:42, 5000, 346, 26.13, 79.45, 0.000485, 0.003236
2024-10-18T20:11:52, 5000, 257, 26.12, 79.44, 0.000486, 0.003237
2024-10-18T20:12:02, 5000, 302, 26.16, 79.38, 0.000485, 0.003236
2024-10-18T20:12:13, 5000, 227, 26.12, 79.42, 0.000486, 0.003237
2024-10-18T20:12:23, 5000, 213, 26.13, 79.42, 0.000485, 0.003236
2024-10-18T20:12:33, 5000, 241, 26.12, 79.37, 0.000485, 0.003234
2024-10-18T20:12:43, 5000, 131, 26.13, 79.40, 0.000485, 0.003236
2024-10-18T20:12:53, 5000, 207, 26.13, 79.41, 0.000486, 0.003237
2024-10-18T20:13:03, 5000, 281, 26.12, 79.38, 0.000485, 0.003236
2024-10-18T20:13:13, 5000, 246, 26.11, 79.40, 0.000485, 0.003234
2024-10-18T20:13:23, 5000, 288, 26.11, 79.37, 0.000485, 0.003236
2024-10-18T20:13:33, 5000, 204, 26.11, 79.39, 0.000486, 0.003239
2024-10-18T20:13:43, 5000, 243, 26.13, 79.36, 0.000485, 0.003235
2024-10-18T20:13:53, 5000, 251, 26.12, 79.39, 0.000485, 0.003235
2024-10-18T20:14:03, 5000, 190, 26.13, 79.33, 0.000485, 0.003236
2024-10-18T20:14:13, 5000, 293, 26.12, 79.40, 0.000485, 0.003235
2024-10-18T20:14:23, 5000, 194, 26.13, 79.37, 0.000485, 0.003236
2024-10-18T20:14:33, 5000, 211, 26.13, 79.32, 0.000486, 0.003237
2024-10-18T20:14:43, 5000, 200, 26.12, 79.35, 0.000486, 0.003237
2024-10-18T20:14:53, 5000, 256, 26.11, 79.36, 0.000485, 0.003236
2024-10-18T20:15:03, 5000, 257, 26.12, 79.40, 0.000485, 0.003236
2024-10-18T20:15:13, 5000, 259, 26.12, 79.32, 0.000486, 0.003237
2024-10-18T20:15:23, 5000, 296, 26.14, 79.37, 0.000485, 0.003235
2024-10-18T20:15:33, 5000, 234, 26.12, 79.31, 0.000486, 0.003237
2024-10-18T20:15:43, 5000, 286, 26.13, 79.33, 0.000485, 0.003236
2024-10-18T20:15:54, 5000, 235, 26.12, 79.40, 0.000485, 0.003236
2024-10-18T20:16:04, 5000, 217, 26.15, 79.40, 0.000486, 0.003237
2024-10-18T20:16:14, 5000, 215, 26.12, 79.41, 0.000485, 0.003235
2024-10-18T20:16:24, 5000, 313, 26.13, 79.43, 0.000486, 0.003237
2024-10-18T20:16:34, 5000, 235, 26.12, 79.41, 0.000486, 0.003237
2024-10-18T20:16:44, 5000, 198, 26.11, 79.39, 0.000485, 0.003236
2024-10-18T20:16:54, 5000, 215, 26.13, 79.44, 0.000485, 0.003237
2024-10-18T20:17:04, 5000, 266, 26.14, 79.44, 0.000485, 0.003236
2024-10-18T20:17:14, 5000, 235, 26.12, 79.47, 0.000486, 0.003237
2024-10-18T20:17:24, 5000, 271, 26.12, 79.40, 0.000486, 0.003237
2024-10-18T20:17:34, 5000, 241, 26.12, 79.48, 0.000485, 0.003237
2024-10-18T20:17:44, 5000, 232, 26.12, 79.43, 0.000485, 0.003236
2024-10-18T20:17:54, 5000, 278, 26.13, 79.47, 0.000485, 0.003235
2024-10-18T20:18:04, 5000, 246, 26.12, 79.48, 0.000486, 0.003238
2024-10-18T20:18:14, 5000, 239, 26.12, 79.41, 0.000486, 0.003237
2024-10-18T20:18:24, 5000, 232, 26.12, 79.46, 0.000486, 0.003237
2024-10-18T20:18:34, 5000, 229, 26.11, 79.39, 0.000486, 0.003238
2024-10-18T20:18:44, 5000, 221, 26.12, 79.43, 0.000485, 0.003236
2024-10-18T20:18:54, 5000, 270, 26.15, 79.46, 0.000485, 0.003236
2024-10-18T20:19:04, 5000, 233, 26.11, 79.47, 0.000485, 0.003236
2024-10-18T20:19:14, 5000, 294, 26.13, 79.48, 0.000485, 0.003236
2024-10-18T20:19:24, 5000, 232, 26.12, 79.47, 0.000485, 0.003234
2024-10-18T20:19:34, 5000, 198, 26.12, 79.49, 0.000485, 0.003233
2024-10-18T20:19:44, 5000, 240, 26.12, 79.46, 0.000485, 0.003232
2024-10-18T20:19:54, 5000, 227, 26.12, 79.46, 0.000485, 0.003233
2024-10-18T20:20:04, 5000, 209, 26.12, 79.47, 0.000485, 0.003235
2024-10-18T20:20:14, 5000, 298, 26.16, 79.45, 0.000485, 0.003234
2024-10-18T20:20:24, 5000, 237, 26.13, 79.45, 0.000485, 0.003234
2024-10-18T20:20:34, 5000, 310, 26.13, 79.50, 0.000485, 0.003234
2024-10-18T20:20:44, 5000, 210, 26.13, 79.52, 0.000485, 0.003236
2024-10-18T20:21:14, 15000, 289, 25.86, 80.12, 0.000485, 0.003236
2024-10-18T20:21:44, 15000, 220, 25.78, 80.37, 0.000485, 0.003236
2024-10-18T20:22:14, 15000, 273, 25.75, 80.56, 0.000485, 0.003236
2024-10-18T20:22:44, 15000, 308, 25.68, 80.75, 0.000485, 0.003234
2024-10-18T20:23:14, 15000, 342, 25.66, 80.89, 0.000485, 0.003235
2024-10-18T20:23:44, 15000, 227, 25.66, 81.03, 0.000485, 0.003235
2024-10-18T20:24:14, 15000, 235, 25.65, 81.07, 0.000485, 0.003233
2024-10-18T20:24:44, 15000, 264, 25.64, 81.08, 0.000485, 0.003235
2024-10-18T20:25:14, 15000, 243, 25.62, 81.07, 0.000485, 0.003234
2024-10-18T20:25:44, 15000, 234, 25.61, 81.12, 0.000485, 0.003233
2024-10-18T20:26:14, 15000, 202, 25.61, 81.20, 0.000485, 0.003232
2024-10-18T20:26:44, 15000, 223, 25.63, 81.21, 0.000485, 0.003232
2024-10-18T20:27:14, 15000, 173, 25.60, 81.27, 0.000485, 0.003232
2024-10-18T20:27:44, 15000, 312, 25.61, 81.26, 0.000484, 0.003230
2024-10-18T20:28:14, 15000, 221, 25.60, 81.28, 0.000484, 0.003230
2024-10-18T20:28:44, 15000, 230, 25.61, 81.29, 0.000484, 0.003229
2024-10-18T20:29:14, 15000, 226, 25.60, 81.36, 0.000485, 0.003230
2024-10-18T20:29:44, 15000, 235, 25.59, 81.42, 0.000484, 0.003229
2024-10-18T20:30:14, 15000, 218, 25.60, 81.54, 0.000484, 0.003230
2024-10-18T20:30:44, 15000, 261, 25.61, 81.63, 0.000484, 0.003228
2024-10-18T20:31:14, 15000, 245, 25.60, 81.62, 0.000484, 0.003230
2024-10-18T20:31:44, 15000, 264, 25.59, 81.57, 0.000484, 0.003228
2024-10-18T20:32:14, 15000, 189, 25.58, 81.56, 0.000484, 0.003229
2024-10-18T20:32:44, 15000, 306, 25.59, 81.63, 0.000484, 0.003228
2024-10-18T20:33:14, 15000, 221, 25.59, 81.64, 0.000484, 0.003228
2024-10-18T20:33:44, 15000, 251, 25.58, 81.64, 0.000484, 0.003229
2024-10-18T20:34:14, 15000, 237, 25.58, 81.70, 0.000484, 0.003230
2024-10-18T20:34:44, 15000, 214, 25.58, 81.70, 0.000484, 0.003226
2024-10-18T20:35:14, 15000, 239, 25.59, 81.73, 0.000484, 0.003227
2024-10-18T20:35:44, 15000, 295, 25.57, 81.87, 0.000484, 0.003227
2024-10-18T20:36:14, 15000, 306, 25.57, 81.86, 0.000484, 0.003226
2024-10-18T20:36:44, 15000, 247, 25.56, 81.90, 0.000484, 0.003225
2024-10-18T20:37:14, 15000, 228, 25.56, 81.84, 0.000484, 0.003227
2024-10-18T20:37:44, 15000, 253, 25.57, 81.84, 0.000484, 0.003225
2024-10-18T20:38:14, 15000, 230, 25.57, 81.82, 0.000484, 0.003225
2024-10-18T20:38:44, 15000, 210, 25.55, 81.80, 0.000484, 0.003224
2024-10-18T20:39:14, 15000, 283, 25.53, 81.82, 0.000484, 0.003227
2024-10-18T20:39:44, 15000, 293, 25.55, 81.78, 0.000484, 0.003225
2024-10-18T20:40:14, 15000, 215, 25.56, 81.82, 0.000484, 0.003225
2024-10-18T20:40:44, 15000, 286, 25.53, 81.79, 0.000484, 0.003226
2024-10-18T20:41:14, 15000, 256, 25.53, 81.82, 0.000484, 0.003225
2024-10-18T20:41:44, 15000, 198, 25.55, 81.83, 0.000484, 0.003226
2024-10-18T20:42:14, 15000, 215, 25.54, 81.88, 0.000484, 0.003225
2024-10-18T20:42:44, 15000, 211, 25.56, 81.90, 0.000484, 0.003226
2024-10-18T20:43:14, 15000, 222, 25.53, 81.96, 0.000484, 0.003225
2024-10-18T20:43:44, 15000, 169, 25.54, 81.94, 0.000484, 0.003225
2024-10-18T20:44:14, 15000, 303, 25.52, 81.97, 0.000484, 0.003226
2024-10-18T20:44:44, 15000, 237, 25.51, 81.98, 0.000484, 0.003224
2024-10-18T20:45:14, 15000, 252, 25.52, 82.08, 0.000484, 0.003225
2024-10-18T20:45:44, 15000, 251, 25.51, 82.11, 0.000484, 0.003224
2024-10-18T20:46:14, 15000, 248, 25.54, 82.08, 0.000484, 0.003225
2024-10-18T20:46:44, 15000, 199, 25.53, 82.07, 0.000484, 0.003225
2024-10-18T20:47:14, 15000, 275, 25.55, 82.13, 0.000484, 0.003224
2024-10-18T20:47:44, 15000, 273, 25.54, 82.11, 0.000484, 0.003224
2024-10-18T20:48:14, 15000, 220, 25.52, 82.10, 0.000484, 0.003224
2024-10-18T20:48:44, 15000, 273, 25.53, 82.11, 0.000484, 0.003225
2024-10-18T20:49:14, 15000, 234, 25.54, 82.13, 0.000484, 0.003225
2024-10-18T20:49:44, 15000, 291, 25.53, 82.15, 0.000483, 0.003223
2024-10-18T20:50:14, 15000, 226, 25.53, 82.13, 0.000484, 0.003224
2024-10-18T20:50:44, 15000, 288, 25.53, 82.12, 0.000484, 0.003225
2024-10-18T20:51:54, 35000, 215, 25.48, 82.36, 0.000484, 0.003225
2024-10-18T20:53:04, 35000, 272, 25.43, 82.39, 0.000483, 0.003223
2024-10-18T20:54:14, 35000, 266, 25.42, 82.48, 0.000483, 0.003223
2024-10-18T20:55:24, 35000, 207, 25.42, 82.62, 0.000483, 0.003221
2024-10-18T20:56:34, 35000, 235, 25.38, 82.48, 0.000483, 0.003223
2024-10-18T20:57:44, 35000, 245, 25.37, 82.62, 0.000483, 0.003220
2024-10-18T20:58:54, 35000, 261, 25.40, 82.73, 0.000483, 0.003222
2024-10-18T21:00:04, 35000, 296, 25.38, 82.84, 0.000483, 0.003220
2024-10-18T21:01:14, 35000, 259, 25.37, 82.80, 0.000483, 0.003220
2024-10-18T21:02:24, 35000, 266, 25.34, 82.81, 0.000483, 0.003221
2024-10-18T21:03:34, 35000, 290, 25.34, 82.77, 0.000483, 0.003220
2024-10-18T21:04:44, 35000, 228, 25.32, 82.80, 0.000483, 0.003220
2024-10-18T21:05:54, 35000, 244, 25.34, 82.84, 0.000483, 0.003220
2024-10-18T21:07:04, 35000, 279, 25.34, 82.85, 0.000483, 0.003219
2024-10-18T21:08:14, 35000, 219, 25.33, 82.91, 0.000483, 0.003219
2024-10-18T21:09:24, 35000, 231, 25.36, 82.91, 0.000483, 0.003218
2024-10-18T21:10:34, 35000, 208, 25.34, 82.89, 0.000482, 0.003216
2024-10-18T21:11:44, 35000, 218, 25.33, 82.82, 0.000483, 0.003220
2024-10-18T21:12:54, 35000, 258, 25.34, 82.81, 0.000483, 0.003219
2024-10-18T21:14:04, 35000, 270, 25.29, 82.83, 0.000483, 0.003220
2024-10-18T21:15:14, 35000, 220, 25.30, 82.76, 0.000482, 0.003217
2024-10-18T21:16:24, 35000, 260, 25.30, 82.75, 0.000483, 0.003220
2024-10-18T21:17:34, 35000, 326, 25.29, 82.72, 0.000483, 0.003219
2024-10-18T21:18:44, 35000, 207, 25.29, 82.63, 0.000483, 0.003218
2024-10-18T21:19:54, 35000, 211, 25.29, 82.62, 0.000483, 0.003218
2024-10-18T21:21:44, 75000, 226, 25.27, 82.82, 0.000483, 0.003217
2024-10-18T21:24:14, 75000, 258, 25.27, 82.96, 0.000483, 0.003217
2024-10-18T21:26:44, 75000, 279, 25.23, 82.90, 0.000482, 0.003216
2024-10-18T21:29:14, 75000, 253, 25.23, 82.90, 0.000483, 0.003218
2024-10-18T21:31:44, 75000, 260, 25.22, 82.98, 0.000483, 0.003218
2024-10-18T21:34:14, 75000, 265, 25.23, 82.99, 0.000483, 0.003218
2024-10-18T21:36:44, 75000, 204, 25.20, 82.99, 0.000482, 0.003216
2024-10-18T21:39:14, 75000, 266, 25.19, 82.85, 0.000482, 0.003214
2024-10-18T21:41:44, 75000, 261, 25.15, 82.98, 0.000482, 0.003213
2024-10-18T21:44:14, 75000, 257, 25.15, 82.94, 0.000482, 0.003215
2024-10-18T21:46:44, 75000, 223, 25.14, 83.00, 0.000482, 0.003216
2024-10-18T21:49:14, 75000, 253, 25.17, 83.10, 0.000482, 0.003211
2024-10-18T21:53:04, 155000, 197, 25.23, 83.55, 0.000483, 0.003218
2024-10-18T21:58:14, 155000, 252, 25.34, 83.54, 0.000482, 0.003215
2024-10-18T22:03:24, 155000, 267, 25.33, 83.25, 0.000482, 0.003216
2024-10-18T22:08:34, 155000, 230, 25.33, 83.14, 0.000482, 0.003216
2024-10-18T22:13:44, 155000, 260, 25.37, 83.18, 0.000482, 0.003213
2024-10-18T22:18:54, 155000, 206, 25.38, 82.73, 0.000483, 0.003217
2024-10-18T22:29:24, 315000, 222, 25.19, 82.86, 0.000482, 0.003215
2024-10-18T22:39:54, 315000, 210, 25.14, 83.54, 0.000482, 0.003212
2024-10-18T22:50:24, 315000, 258, 25.14, 84.00, 0.000482, 0.003213
2024-10-18T23:11:33, 635000, 257, 25.14, 84.76, 0.000481, 0.003206
2024-10-18T23:50:48, 1, 266, 25.21, 84.35, 0.000481, 0.003205
2024-10-18T23:50:58, 1, 169, 25.38, 83.97, 0.000481, 0.003206
2024-10-18T23:51:08, 1, 178, 25.48, 83.78, 0.000481, 0.003204
2024-10-18T23:51:18, 1, 211, 25.53, 83.59, 0.000481, 0.003204
2024-10-18T23:51:28, 1, 153, 25.58, 83.48, 0.000481, 0.003205
2024-10-18T23:51:38, 1, 226, 25.62, 83.31, 0.000481, 0.003204
2024-10-18T23:51:48, 1, 192, 25.65, 83.23, 0.000480, 0.003203
2024-10-18T23:51:58, 1, 195, 25.68, 83.17, 0.000481, 0.003204
2024-10-18T23:52:18, 1, 216, 25.87, 82.94, 0.000481, 0.003206
2024-10-18T23:52:28, 1, 155, 25.86, 82.62, 0.000481, 0.003205
2024-10-18T23:52:38, 1, 149, 25.80, 82.71, 0.000481, 0.003207
2024-10-18T23:52:49, 1, 151, 25.80, 82.65, 0.000481, 0.003205
2024-10-18T23:52:59, 1, 203, 25.81, 82.61, 0.000481, 0.003206
2024-10-18T23:53:09, 1, 212, 25.81, 82.59, 0.000481, 0.003206
2024-10-18T23:53:19, 1, 164, 25.83, 82.55, 0.000481, 0.003206
2024-10-18T23:53:29, 1, 196, 25.83, 82.49, 0.000481, 0.003205
2024-10-18T23:53:39, 1, 169, 25.84, 82.47, 0.000481, 0.003206
2024-10-18T23:53:49, 1, 142, 25.83, 82.47, 0.000481, 0.003206
2024-10-18T23:53:59, 1, 131, 25.85, 82.44, 0.000481, 0.003205
2024-10-18T23:54:09, 1, 116, 25.88, 82.41, 0.000481, 0.003208
2024-10-18T23:54:19, 1, 197, 25.86, 82.37, 0.000481, 0.003210
2024-10-18T23:54:29, 1, 266, 25.86, 82.37, 0.000481, 0.003210
2024-10-18T23:54:39, 1, 177, 25.87, 82.37, 0.000482, 0.003210
2024-10-18T23:54:49, 1, 187, 25.85, 82.26, 0.000482, 0.003210
2024-10-18T23:54:59, 1, 182, 25.87, 82.27, 0.000482, 0.003211
2024-10-18T23:55:09, 1, 220, 25.88, 82.25, 0.000482, 0.003211
2024-10-18T23:55:19, 1, 231, 25.88, 82.18, 0.000482, 0.003211
2024-10-18T23:55:29, 1, 173, 25.87, 82.18, 0.000482, 0.003212
2024-10-18T23:55:39, 1, 140, 25.87, 82.18, 0.000482, 0.003212
2024-10-18T23:55:49, 1, 163, 25.91, 82.20, 0.000482, 0.003213
2024-10-18T23:56:00, 1, 197, 25.90, 82.17, 0.000482, 0.003214
2024-10-18T23:56:10, 1, 168, 25.88, 82.18, 0.000482, 0.003213
2024-10-18T23:56:20, 1, 161, 25.92, 82.12, 0.000482, 0.003212
2024-10-18T23:56:30, 1, 154, 25.89, 82.16, 0.000482, 0.003214
2024-10-18T23:56:40, 1, 203, 25.91, 82.10, 0.000482, 0.003213
2024-10-18T23:56:50, 1, 173, 25.90, 82.09, 0.000482, 0.003214
2024-10-18T23:57:00, 1, 197, 25.92, 82.04, 0.000482, 0.003214
2024-10-18T23:57:10, 1, 161, 25.93, 82.11, 0.000482, 0.003213
2024-10-18T23:57:20, 1, 224, 25.93, 82.08, 0.000482, 0.003215
2024-10-18T23:57:30, 1, 198, 25.95, 82.06, 0.000482, 0.003215
2024-10-18T23:57:40, 1, 163, 25.93, 82.00, 0.000482, 0.003215
2024-10-18T23:57:50, 1, 248, 25.93, 82.03, 0.000482, 0.003216
2024-10-18T23:58:00, 1, 229, 25.94, 82.04, 0.000482, 0.003215
2024-10-18T23:58:10, 1, 231, 25.96, 82.05, 0.000482, 0.003216
2024-10-18T23:58:20, 1, 375, 25.95, 82.04, 0.000482, 0.003213
2024-10-18T23:58:30, 1, 272, 25.95, 82.04, 0.000482, 0.003214
2024-10-18T23:58:40, 1, 260, 25.96, 82.04, 0.000482, 0.003214
2024-10-18T23:58:50, 1, 294, 25.95, 82.03, 0.000482, 0.003213
2024-10-18T23:59:00, 1, 223, 25.96, 82.02, 0.000482, 0.003215
2024-10-18T23:59:10, 1, 230, 25.97, 81.98, 0.000482, 0.003212
2024-10-18T23:59:20, 1, 219, 25.97, 82.01, 0.000482, 0.003214
2024-10-18T23:59:30, 1, 284, 25.99, 82.01, 0.000482, 0.003215
2024-10-18T23:59:40, 1, 243, 25.96, 81.99, 0.000482, 0.003215
2024-10-18T23:59:50, 1, 224, 25.98, 81.97, 0.000482, 0.003212
2024-10-19T00:00:00, 1, 287, 26.00, 81.98, 0.000482, 0.003214
2024-10-19T00:00:10, 1, 281, 25.99, 81.94, 0.000482, 0.003214
2024-10-19T00:00:20, 1, 245, 25.98, 81.95, 0.000482, 0.003215
2024-10-19T00:00:30, 1, 237, 25.99, 81.90, 0.000482, 0.003215
2024-10-19T00:00:40, 1, 268, 25.95, 81.88, 0.000482, 0.003214
2024-10-19T00:00:50, 1, 168, 25.97, 81.87, 0.000482, 0.003216
2024-10-19T00:01:00, 1, 265, 25.98, 81.80, 0.000482, 0.003216
2024-10-19T00:01:10, 1, 198, 25.98, 81.81, 0.000483, 0.003217
2024-10-19T00:01:20, 1, 240, 25.97, 81.78, 0.000482, 0.003216
2024-10-19T00:01:30, 1, 222, 25.97, 81.76, 0.000483, 0.003217
2024-10-19T00:01:40, 1, 254, 25.96, 81.73, 0.000483, 0.003218
2024-10-19T00:01:51, 1, 215, 25.96, 81.77, 0.000483, 0.003218
2024-10-19T00:02:01, 1, 271, 25.98, 81.74, 0.000483, 0.003219
2024-10-19T00:02:11, 1, 245, 25.97, 81.72, 0.000483, 0.003220
2024-10-19T00:02:21, 1, 287, 25.96, 81.68, 0.000483, 0.003220
2024-10-19T00:02:31, 1, 311, 25.96, 81.67, 0.000483, 0.003218
2024-10-19T00:02:41, 1, 237, 25.99, 81.63, 0.000483, 0.003219
2024-10-19T00:02:51, 1, 217, 25.97, 81.64, 0.000483, 0.003219
2024-10-19T00:03:01, 1, 291, 25.96, 81.59, 0.000483, 0.003218
2024-10-19T00:03:11, 1, 263, 26.00, 81.66, 0.000483, 0.003220
2024-10-19T00:03:21, 1, 218, 25.96, 81.59, 0.000483, 0.003219
2024-10-19T00:03:31, 1, 287, 25.97, 81.64, 0.000483, 0.003220
2024-10-19T00:03:41, 1, 202, 25.97, 81.59, 0.000483, 0.003220
2024-10-19T00:03:51, 1, 205, 25.97, 81.58, 0.000483, 0.003222
2024-10-19T00:04:01, 1, 247, 25.95, 81.58, 0.000483, 0.003222
2024-10-19T00:04:11, 1, 240, 25.95, 81.58, 0.000483, 0.003222
2024-10-19T00:04:21, 1, 254, 25.95, 81.56, 0.000483, 0.003223
2024-10-19T00:04:31, 1, 255, 25.98, 81.59, 0.000483, 0.003220
2024-10-19T00:04:41, 1, 246, 25.96, 81.58, 0.000483, 0.003220
2024-10-19T00:04:51, 1, 268, 25.96, 81.52, 0.000483, 0.003220
2024-10-19T00:05:01, 1, 196, 25.98, 81.63, 0.000483, 0.003222
2024-10-19T00:05:11, 1, 215, 25.97, 81.61, 0.000483, 0.003223
2024-10-19T00:05:21, 1, 199, 25.95, 81.54, 0.000483, 0.003221
2024-10-19T00:05:31, 1, 220, 25.97, 81.60, 0.000483, 0.003223
2024-10-19T00:05:41, 1, 220, 25.98, 81.55, 0.000483, 0.003223
2024-10-19T00:05:51, 1, 207, 25.97, 81.57, 0.000483, 0.003223
2024-10-19T00:06:01, 1, 239, 25.93, 81.56, 0.000483, 0.003222
2024-10-19T00:06:11, 1, 186, 25.96, 81.59, 0.000483, 0.003222
2024-10-19T00:06:22, 1, 253, 25.97, 81.59, 0.000483, 0.003222
2024-10-19T00:06:32, 1, 252, 25.96, 81.61, 0.000483, 0.003223
2024-10-19T00:06:42, 1, 270, 25.96, 81.58, 0.000483, 0.003222
2024-10-19T00:06:52, 1, 233, 25.97, 81.60, 0.000483, 0.003223
2024-10-19T00:07:02, 1, 195, 25.96, 81.58, 0.000483, 0.003223
2024-10-19T00:07:12, 1, 215, 25.98, 81.65, 0.000484, 0.003224
2024-10-19T00:07:22, 1, 221, 25.96, 81.68, 0.000483, 0.003222
2024-10-19T00:07:32, 1, 236, 25.97, 81.67, 0.000483, 0.003223
2024-10-19T00:07:42, 1, 226, 25.97, 81.68, 0.000483, 0.003221
2024-10-19T00:07:52, 1, 258, 25.97, 81.73, 0.000483, 0.003223
2024-10-19T00:08:02, 1, 260, 25.97, 81.68, 0.000483, 0.003222
2024-10-19T00:08:12, 1, 244, 25.98, 81.67, 0.000483, 0.003223
2024-10-19T00:08:22, 1, 243, 25.97, 81.68, 0.000483, 0.003222
2024-10-19T00:08:32, 1, 256, 25.96, 81.68, 0.000484, 0.003223
2024-10-19T00:08:42, 1, 211, 25.96, 81.71, 0.000483, 0.003221
2024-10-19T00:08:52, 1, 230, 25.96, 81.68, 0.000483, 0.003223
2024-10-19T00:09:02, 1, 231, 25.99, 81.65, 0.000483, 0.003223
2024-10-19T00:09:12, 1, 238, 25.97, 81.74, 0.000484, 0.003223
2024-10-19T00:09:22, 1, 260, 25.99, 81.69, 0.000483, 0.003223
2024-10-19T00:09:32, 1, 244, 25.98, 81.69, 0.000483, 0.003223
2024-10-19T00:09:42, 1, 230, 25.98, 81.71, 0.000484, 0.003224
2024-10-19T00:09:52, 1, 253, 25.98, 81.70, 0.000484, 0.003224
2024-10-19T00:10:02, 1, 276, 25.98, 81.72, 0.000484, 0.003224
2024-10-19T00:10:12, 1, 220, 25.98, 81.72, 0.000484, 0.003224
2024-10-19T00:10:22, 1, 187, 25.97, 81.70, 0.000484, 0.003226
2024-10-19T00:10:32, 1, 200, 25.98, 81.70, 0.000484, 0.003225
2024-10-19T00:10:43, 1, 212, 25.97, 81.73, 0.000484, 0.003224
2024-10-19T00:10:53, 1, 280, 25.97, 81.71, 0.000484, 0.003224
2024-10-19T00:11:03, 1, 190, 25.96, 81.72, 0.000484, 0.003225
2024-10-19T00:11:13, 1, 235, 25.96, 81.72, 0.000484, 0.003225
2024-10-19T00:11:23, 1, 258, 25.98, 81.69, 0.000484, 0.003224
2024-10-19T00:11:33, 1, 257, 25.96, 81.72, 0.000484, 0.003225
2024-10-19T00:11:43, 1, 242, 25.99, 81.75, 0.000484, 0.003224
2024-10-19T00:11:53, 1, 231, 25.97, 81.71, 0.000484, 0.003225
2024-10-19T00:12:03, 1, 227, 25.97, 81.66, 0.000484, 0.003224
2024-10-19T00:12:13, 1, 233, 25.98, 81.67, 0.000484, 0.003225
2024-10-19T00:12:23, 1, 174, 25.97, 81.71, 0.000484, 0.003225
2024-10-19T00:12:33, 1, 216, 25.96, 81.71, 0.000484, 0.003224
2024-10-19T00:12:43, 1, 176, 25.97, 81.68, 0.000484, 0.003225
2024-10-19T00:12:53, 1, 245, 25.98, 81.65, 0.000484, 0.003224
2024-10-19T00:13:03, 1, 227, 25.98, 81.68, 0.000484, 0.003224
2024-10-19T00:13:13, 1, 194, 25.98, 81.74, 0.000484, 0.003226
2024-10-19T00:13:23, 1, 225, 25.98, 81.70, 0.000484, 0.003225
2024-10-19T00:13:33, 1, 213, 25.98, 81.68, 0.000483, 0.003223
2024-10-19T00:13:43, 1, 250, 25.98, 81.72, 0.000484, 0.003224
2024-10-19T00:13:53, 1, 217, 25.98, 81.67, 0.000484, 0.003224
2024-10-19T00:14:03, 1, 209, 25.99, 81.70, 0.000483, 0.003223
2024-10-19T00:14:13, 1, 184, 25.96, 81.68, 0.000484, 0.003225
2024-10-19T00:14:23, 1, 247, 25.98, 81.69, 0.000484, 0.003224
2024-10-19T00:14:33, 1, 179, 25.98, 81.66, 0.000484, 0.003225
2024-10-19T00:14:43, 1, 233, 25.98, 81.65, 0.000484, 0.003223
2024-10-19T00:14:53, 1, 262, 25.97, 81.63, 0.000484, 0.003225
2024-10-19T00:15:03, 1, 276, 25.97, 81.61, 0.000484, 0.003225
2024-10-19T00:15:13, 1, 234, 25.96, 81.58, 0.000484, 0.003226
2024-10-19T00:15:23, 1, 232, 25.96, 81.59, 0.000484, 0.003225
2024-10-19T00:15:33, 1, 211, 25.99, 81.53, 0.000484, 0.003224
2024-10-19T00:15:43, 1, 203, 25.97, 81.53, 0.000484, 0.003224
2024-10-19T00:15:53, 1, 252, 25.98, 81.55, 0.000484, 0.003225
2024-10-19T00:16:03, 1, 218, 25.96, 81.52, 0.000484, 0.003225
2024-10-19T00:16:13, 1, 198, 25.97, 81.52, 0.000484, 0.003225
2024-10-19T00:16:24, 1, 236, 25.95, 81.51, 0.000484, 0.003225
2024-10-19T00:16:34, 1, 289, 25.96, 81.58, 0.000484, 0.003224
2024-10-19T00:16:44, 1, 283, 25.97, 81.50, 0.000484, 0.003225
2024-10-19T00:16:54, 1, 288, 25.97, 81.54, 0.000484, 0.003226
2024-10-19T00:17:04, 1, 291, 25.96, 81.54, 0.000484, 0.003226
2024-10-19T00:17:14, 1, 266, 25.95, 81.49, 0.000484, 0.003227
2024-10-19T00:17:24, 1, 293, 25.96, 81.52, 0.000484, 0.003227
2024-10-19T00:17:34, 1, 265, 25.92, 81.47, 0.000484, 0.003228
2024-10-19T00:17:44, 1, 213, 25.92, 81.50, 0.000484, 0.003228
2024-10-19T00:17:54, 1, 267, 25.95, 81.48, 0.000484, 0.003228
2024-10-19T00:18:04, 1, 271, 25.93, 81.52, 0.000484, 0.003228
2024-10-19T00:18:14, 1, 302, 25.93, 81.52, 0.000484, 0.003229
2024-10-19T00:18:24, 1, 261, 25.93, 81.52, 0.000484, 0.003229
2024-10-19T00:18:34, 1, 219, 25.92, 81.51, 0.000484, 0.003227
2024-10-19T00:18:44, 1, 242, 25.91, 81.46, 0.000484, 0.003229
2024-10-19T00:18:54, 1, 260, 25.93, 81.48, 0.000484, 0.003227
2024-10-19T00:19:04, 1, 251, 25.92, 81.58, 0.000484, 0.003227
2024-10-19T00:19:14, 1, 285, 25.92, 81.53, 0.000484, 0.003228
2024-10-19T00:19:24, 1, 220, 25.93, 81.53, 0.000484, 0.003229
2024-10-19T00:19:35, 1, 273, 25.93, 81.61, 0.000484, 0.003226
2024-10-19T00:19:45, 1, 253, 25.92, 81.56, 0.000484, 0.003228
2024-10-19T00:19:55, 1, 270, 25.90, 81.56, 0.000484, 0.003226
2024-10-19T00:20:05, 1, 231, 25.92, 81.52, 0.000484, 0.003225
2024-10-19T00:20:15, 1, 215, 25.92, 81.53, 0.000484, 0.003226
2024-10-19T00:20:25, 1, 244, 25.92, 81.54, 0.000484, 0.003226
2024-10-19T00:20:35, 1, 260, 25.92, 81.55, 0.000483, 0.003222
2024-10-19T00:20:45, 1, 253, 25.92, 81.58, 0.000484, 0.003226
2024-10-19T00:20:55, 5000, 282, 25.91, 81.59, 0.000484, 0.003226
2024-10-19T00:21:05, 5000, 230, 25.91, 81.55, 0.000484, 0.003226
2024-10-19T00:21:15, 5000, 215, 25.92, 81.57, 0.000484, 0.003228
2024-10-19T00:21:25, 5000, 265, 25.91, 81.57, 0.000484, 0.003227
2024-10-19T00:21:35, 5000, 272, 25.91, 81.59, 0.000484, 0.003227
2024-10-19T00:21:45, 5000, 258, 25.92, 81.59, 0.000484, 0.003228
2024-10-19T00:21:55, 5000, 285, 25.91, 81.56, 0.000484, 0.003228
2024-10-19T00:22:05, 5000, 196, 25.91, 81.50, 0.000484, 0.003228
2024-10-19T00:22:15, 5000, 258, 25.92, 81.57, 0.000484, 0.003228
2024-10-19T00:22:25, 5000, 265, 25.91, 81.57, 0.000484, 0.003227
2024-10-19T00:22:35, 5000, 213, 25.91, 81.56, 0.000484, 0.003227
2024-10-19T00:22:45, 5000, 207, 25.90, 81.55, 0.000484, 0.003227
2024-10-19T00:22:55, 5000, 262, 25.89, 81.56, 0.000484, 0.003225
2024-10-19T00:23:05, 5000, 250, 25.89, 81.57, 0.000484, 0.003227
2024-10-19T00:23:15, 5000, 180, 25.88, 81.55, 0.000484, 0.003228
2024-10-19T00:23:25, 5000, 224, 25.89, 81.54, 0.000484, 0.003228
2024-10-19T00:23:35, 5000, 213, 25.89, 81.56, 0.000484, 0.003227
2024-10-19T00:23:45, 5000, 228, 25.90, 81.57, 0.000484, 0.003227
2024-10-19T00:23:55, 5000, 251, 25.89, 81.53, 0.000484, 0.003228
2024-10-19T00:24:05, 5000, 176, 25.89, 81.53, 0.000484, 0.003228
2024-10-19T00:24:15, 5000, 216, 25.89, 81.57, 0.000484, 0.003229
2024-10-19T00:24:25, 5000, 209, 25.88, 81.54, 0.000484, 0.003227
2024-10-19T00:24:35, 5000, 252, 25.89, 81.59, 0.000484, 0.003227
2024-10-19T00:24:45, 5000, 209, 25.88, 81.58, 0.000484, 0.003228
2024-10-19T00:24:55, 5000, 173, 25.90, 81.58, 0.000484, 0.003227
2024-10-19T00:25:05, 5000, 217, 25.89, 81.54, 0.000484, 0.003228
2024-10-19T00:25:15, 5000, 176, 25.89, 81.62, 0.000484, 0.003227
2024-10-19T00:25:26, 5000, 183, 25.89, 81.61, 0.000484, 0.003228
2024-10-19T00:25:36, 5000, 193, 25.88, 81.65, 0.000484, 0.003228
2024-10-19T00:25:46, 5000, 275, 25.92, 81.63, 0.000484, 0.003227
2024-10-19T00:25:56, 5000, 212, 25.89, 81.66, 0.000484, 0.003227
2024-10-19T00:26:06, 5000, 213, 25.88, 81.70, 0.000484, 0.003227
2024-10-19T00:26:16, 5000, 192, 25.89, 81.65, 0.000484, 0.003228
2024-10-19T00:26:26, 5000, 207, 25.89, 81.63, 0.000484, 0.003229
2024-10-19T00:26:36, 5000, 213, 25.87, 81.65, 0.000484, 0.003228
2024-10-19T00:26:46, 5000, 263, 25.88, 81.70, 0.000484, 0.003229
2024-10-19T00:26:56, 5000, 234, 25.89, 81.69, 0.000484, 0.003228
2024-10-19T00:27:06, 5000, 287, 25.88, 81.71, 0.000484, 0.003227
2024-10-19T00:27:16, 5000, 343, 25.88, 81.71, 0.000484, 0.003229
2024-10-19T00:27:26, 5000, 282, 25.89, 81.67, 0.000484, 0.003226
2024-10-19T00:27:36, 5000, 316, 25.88, 81.74, 0.000484, 0.003229
2024-10-19T00:27:46, 5000, 209, 25.87, 81.71, 0.000484, 0.003228
2024-10-19T00:27:56, 5000, 300, 25.89, 81.72, 0.000484, 0.003228
2024-10-19T00:28:06, 5000, 265, 25.90, 81.72, 0.000484, 0.003228
2024-10-19T00:28:16, 5000, 276, 25.89, 81.72, 0.000484, 0.003227
2024-10-19T00:28:26, 5000, 301, 25.90, 81.80, 0.000484, 0.003226
2024-10-19T00:28:37, 5000, 238, 25.88, 81.75, 0.000484, 0.003225
2024-10-19T00:28:47, 5000, 237, 25.88, 81.78, 0.000484, 0.003226
2024-10-19T00:28:57, 5000, 262, 25.87, 81.70, 0.000484, 0.003226
2024-10-19T00:29:07, 5000, 271, 25.89, 81.78, 0.000484, 0.003226
2024-10-19T00:29:17, 5000, 250, 25.88, 81.79, 0.000484, 0.003226
2024-10-19T00:29:27, 5000, 218, 25.91, 81.83, 0.000484, 0.003225
2024-10-19T00:29:37, 5000, 234, 25.89, 81.81, 0.000484, 0.003226
2024-10-19T00:29:47, 5000, 205, 25.89, 81.83, 0.000484, 0.003228
2024-10-19T00:29:57, 5000, 211, 25.88, 81.83, 0.000484, 0.003224
2024-10-19T00:30:07, 5000, 239, 25.89, 81.81, 0.000484, 0.003226
2024-10-19T00:30:17, 5000, 253, 25.89, 81.85, 0.000484, 0.003226
2024-10-19T00:30:27, 5000, 313, 25.90, 81.89, 0.000484, 0.003227
2024-10-19T00:30:37, 5000, 275, 25.88, 81.87, 0.000484, 0.003227
2024-10-19T00:30:47, 5000, 247, 25.89, 81.82, 0.000484, 0.003227
2024-10-19T00:30:57, 5000, 216, 25.89, 81.85, 0.000484, 0.003226
2024-10-19T00:31:07, 5000, 230, 25.90, 81.86, 0.000484, 0.003227
2024-10-19T00:31:17, 5000, 296, 25.90, 81.91, 0.000484, 0.003226
2024-10-19T00:31:27, 5000, 206, 25.89, 81.86, 0.000484, 0.003225
2024-10-19T00:31:37, 5000, 292, 25.89, 81.86, 0.000484, 0.003227
2024-10-19T00:31:47, 5000, 291, 25.88, 81.87, 0.000484, 0.003227
2024-10-19T00:31:57, 5000, 248, 25.89, 81.88, 0.000484, 0.003227
2024-10-19T00:32:07, 5000, 208, 25.89, 81.88, 0.000484, 0.003229
2024-10-19T00:32:17, 5000, 216, 25.89, 81.85, 0.000484, 0.003227
2024-10-19T00:32:27, 5000, 252, 25.87, 81.87, 0.000484, 0.003228
2024-10-19T00:32:37, 5000, 201, 25.88, 81.93, 0.000484, 0.003226
2024-10-19T00:32:47, 5000, 207, 25.88, 81.90, 0.000484, 0.003227
2024-10-19T00:32:57, 5000, 159, 25.88, 81.89, 0.000484, 0.003228
2024-10-19T00:33:07, 5000, 192, 25.89, 81.90, 0.000484, 0.003229
2024-10-19T00:33:17, 5000, 267, 25.88, 81.96, 0.000485, 0.003230
2024-10-19T00:33:27, 5000, 224, 25.88, 81.94, 0.000484, 0.003227
2024-10-19T00:33:37, 5000, 178, 25.90, 81.97, 0.000484, 0.003228
2024-10-19T00:33:47, 5000, 212, 25.90, 81.98, 0.000484, 0.003228
2024-10-19T00:33:57, 5000, 212, 25.89, 81.96, 0.000484, 0.003228
2024-10-19T00:34:07, 5000, 280, 25.89, 82.01, 0.000484, 0.003228
2024-10-19T00:34:18, 5000, 216, 25.88, 81.94, 0.000484, 0.003228
2024-10-19T00:34:28, 5000, 212, 25.87, 81.95, 0.000484, 0.003228
2024-10-19T00:34:38, 5000, 215, 25.88, 81.99, 0.000485, 0.003230
2024-10-19T00:34:48, 5000, 195, 25.87, 82.02, 0.000484, 0.003229
2024-10-19T00:34:58, 5000, 183, 25.85, 82.01, 0.000484, 0.003228
2024-10-19T00:35:08, 5000, 225, 25.88, 82.03, 0.000484, 0.003227
2024-10-19T00:35:18, 5000, 145, 25.88, 82.03, 0.000484, 0.003228
2024-10-19T00:35:28, 5000, 186, 25.88, 82.04, 0.000484, 0.003227
2024-10-19T00:35:38, 5000, 184, 25.88, 82.03, 0.000484, 0.003227
2024-10-19T00:35:48, 5000, 173, 25.89, 82.10, 0.000484, 0.003227
2024-10-19T00:35:58, 5000, 182, 25.90, 82.04, 0.000484, 0.003226
2024-10-19T00:36:08, 5000, 193, 25.85, 82.06, 0.000484, 0.003226
2024-10-19T00:36:18, 5000, 193, 25.88, 82.03, 0.000484, 0.003227
2024-10-19T00:36:28, 5000, 208, 25.89, 82.09, 0.000484, 0.003227
2024-10-19T00:36:38, 5000, 129, 25.89, 82.07, 0.000484, 0.003227
2024-10-19T00:36:48, 5000, 187, 25.87, 82.04, 0.000484, 0.003226
2024-10-19T00:36:58, 5000, 235, 25.87, 82.09, 0.000484, 0.003225
2024-10-19T00:37:08, 5000, 234, 25.88, 82.08, 0.000484, 0.003225
2024-10-19T00:37:18, 5000, 214, 25.88, 82.12, 0.000484, 0.003228
2024-10-19T00:37:28, 5000, 249, 25.89, 82.10, 0.000484, 0.003226
2024-10-19T00:37:38, 5000, 242, 25.87, 82.08, 0.000484, 0.003227
2024-10-19T00:37:48, 5000, 211, 25.87, 82.11, 0.000484, 0.003225
2024-10-19T00:37:58, 5000, 165, 25.85, 82.08, 0.000484, 0.003226
2024-10-19T00:38:09, 5000, 194, 25.87, 82.10, 0.000484, 0.003226
2024-10-19T00:38:19, 5000, 298, 25.85, 82.10, 0.000484, 0.003226
2024-10-19T00:38:29, 5000, 159, 25.88, 82.11, 0.000484, 0.003228
2024-10-19T00:38:39, 5000, 251, 25.88, 82.12, 0.000484, 0.003227
2024-10-19T00:38:49, 5000, 211, 25.87, 82.08, 0.000484, 0.003228
2024-10-19T00:38:59, 5000, 251, 25.88, 82.09, 0.000484, 0.003227
2024-10-19T00:39:09, 5000, 243, 25.87, 82.12, 0.000484, 0.003228
2024-10-19T00:39:19, 5000, 234, 25.88, 82.13, 0.000484, 0.003227
2024-10-19T00:39:29, 5000, 254, 25.88, 82.11, 0.000484, 0.003227
2024-10-19T00:39:39, 5000, 220, 25.88, 82.18, 0.000484, 0.003227
2024-10-19T00:39:49, 5000, 208, 25.90, 82.18, 0.000484, 0.003226
2024-10-19T00:39:59, 5000, 265, 25.87, 82.18, 0.000484, 0.003228
2024-10-19T00:40:09, 5000, 211, 25.90, 82.19, 0.000484, 0.003227
2024-10-19T00:40:19, 5000, 234, 25.88, 82.19, 0.000484, 0.003226
2024-10-19T00:40:29, 5000, 174, 25.87, 82.21, 0.000484, 0.003227
2024-10-19T00:40:39, 5000, 123, 25.87, 82.20, 0.000484, 0.003227
2024-10-19T00:40:49, 5000, 239, 25.87, 82.25, 0.000484, 0.003227
2024-10-19T00:40:59, 5000, 214, 25.90, 82.25, 0.000484, 0.003227
2024-10-19T00:41:09, 5000, 166, 25.88, 82.24, 0.000484, 0.003228
2024-10-19T00:41:19, 5000, 198, 25.89, 82.23, 0.000484, 0.003226
2024-10-19T00:41:29, 5000, 191, 25.87, 82.25, 0.000484, 0.003226
2024-10-19T00:41:39, 5000, 185, 25.88, 82.21, 0.000484, 0.003227
2024-10-19T00:41:49, 5000, 207, 25.88, 82.26, 0.000484, 0.003228
2024-10-19T00:41:59, 5000, 250, 25.88, 82.24, 0.000484, 0.003225
2024-10-19T00:42:09, 5000, 246, 25.87, 82.17, 0.000484, 0.003227
2024-10-19T00:42:19, 5000, 219, 25.88, 82.25, 0.000484, 0.003225
2024-10-19T00:42:29, 5000, 202, 25.89, 82.23, 0.000484, 0.003226
2024-10-19T00:42:39, 5000, 208, 25.88, 82.24, 0.000484, 0.003227
2024-10-19T00:42:49, 5000, 173, 25.87, 82.22, 0.000484, 0.003227
2024-10-19T00:42:59, 5000, 216, 25.88, 82.21, 0.000484, 0.003226
2024-10-19T00:43:09, 5000, 196, 25.88, 82.27, 0.000484, 0.003226
2024-10-19T00:43:20, 5000, 135, 25.91, 82.25, 0.000484, 0.003228
2024-10-19T00:43:30, 5000, 148, 25.89, 82.27, 0.000484, 0.003228
2024-10-19T00:43:40, 5000, 150, 25.88, 82.25, 0.000484, 0.003227
2024-10-19T00:43:50, 5000, 170, 25.88, 82.28, 0.000484, 0.003227
2024-10-19T00:44:00, 5000, 132, 25.89, 82.24, 0.000484, 0.003227
2024-10-19T00:44:10, 5000, 231, 25.87, 82.28, 0.000484, 0.003227
2024-10-19T00:44:20, 5000, 205, 25.87, 82.24, 0.000484, 0.003226
2024-10-19T00:44:30, 5000, 190, 25.88, 82.26, 0.000484, 0.003229
2024-10-19T00:44:40, 5000, 182, 25.88, 82.33, 0.000484, 0.003228
2024-10-19T00:44:50, 5000, 219, 25.87, 82.30, 0.000484, 0.003227
2024-10-19T00:45:00, 5000, 220, 25.88, 82.33, 0.000484, 0.003228
2024-10-19T00:45:10, 5000, 140, 25.87, 82.33, 0.000484, 0.003226
2024-10-19T00:45:20, 5000, 178, 25.87, 82.33, 0.000484, 0.003226
2024-10-19T00:45:30, 5000, 271, 25.85, 82.31, 0.000484, 0.003227
2024-10-19T00:45:40, 5000, 154, 25.87, 82.29, 0.000484, 0.003226
2024-10-19T00:45:50, 5000, 191, 25.89, 82.33, 0.000484, 0.003227
2024-10-19T00:46:00, 5000, 170, 25.85, 82.31, 0.000484, 0.003227
2024-10-19T00:46:10, 5000, 201, 25.87, 82.30, 0.000484, 0.003226
2024-10-19T00:46:20, 5000, 236, 25.89, 82.32, 0.000484, 0.003227
2024-10-19T00:46:30, 5000, 170, 25.85, 82.28, 0.000484, 0.003226
2024-10-19T00:46:40, 5000, 140, 25.88, 82.27, 0.000484, 0.003227
2024-10-19T00:46:50, 5000, 189, 25.87, 82.28, 0.000484, 0.003227
2024-10-19T00:47:00, 5000, 165, 25.88, 82.33, 0.000484, 0.003227
2024-10-19T00:47:10, 5000, 131, 25.85, 82.32, 0.000484, 0.003227
2024-10-19T00:47:20, 5000, 209, 25.87, 82.31, 0.000484, 0.003226
2024-10-19T00:47:30, 5000, 231, 25.89, 82.35, 0.000484, 0.003229
2024-10-19T00:47:40, 5000, 156, 25.87, 82.31, 0.000484, 0.003226
2024-10-19T00:47:50, 5000, 122, 25.87, 82.34, 0.000484, 0.003227
2024-10-19T00:48:00, 5000, 185, 25.87, 82.33, 0.000484, 0.003227
2024-10-19T00:48:10, 5000, 174, 25.85, 82.35, 0.000484, 0.003227
2024-10-19T00:48:20, 5000, 174, 25.86, 82.35, 0.000484, 0.003226
2024-10-19T00:48:31, 5000, 133, 25.85, 82.34, 0.000484, 0.003228
2024-10-19T00:48:41, 5000, 174, 25.86, 82.34, 0.000484, 0.003229
2024-10-19T00:48:51, 5000, 163, 25.88, 82.36, 0.000484, 0.003227
2024-10-19T00:49:01, 5000, 217, 25.86, 82.37, 0.000484, 0.003227
2024-10-19T00:49:11, 5000, 149, 25.85, 82.39, 0.000484, 0.003227
2024-10-19T00:49:21, 5000, 209, 25.85, 82.30, 0.000484, 0.003228
2024-10-19T00:49:31, 5000, 141, 25.87, 82.32, 0.000484, 0.003229
2024-10-19T00:49:41, 5000, 160, 25.87, 82.33, 0.000484, 0.003228
2024-10-19T00:49:51, 5000, 170, 25.87, 82.37, 0.000484, 0.003229
2024-10-19T00:50:01, 5000, 154, 25.84, 82.32, 0.000484, 0.003229
2024-10-19T00:50:11, 5000, 153, 25.86, 82.32, 0.000484, 0.003228
2024-10-19T00:50:21, 5000, 204, 25.85, 82.35, 0.000484, 0.003227
2024-10-19T00:50:31, 5000, 193, 25.86, 82.34, 0.000484, 0.003229
2024-10-19T00:50:41, 5000, 133, 25.85, 82.32, 0.000484, 0.003228
2024-10-19T00:51:01, 15000, 150, 25.69, 82.71, 0.000484, 0.003227
